wals_language,language,feature,feature_name,value_number,value,source
aeg,Arabic (Egyptian),20A,Fusion of Selected Inflectional Formatives,6,Ablaut/concatenative,Brustad-2000;Gary-and-Gamal-Eldin-1982;Mitchell-1956
aeg,Arabic (Egyptian),21A,Exponence of Selected Inflectional Formatives,5,No case,Brustad-2000;Gary-and-Gamal-Eldin-1982;Mitchell-1956
aeg,Arabic (Egyptian),21B,Exponence of Tense-Aspect-Mood Inflection,3,TAM+agreement+diathesis,Gary-and-Gamal-Eldin-1982;Brustad-2000;Mitchell-1956
aeg,Arabic (Egyptian),22A,Inflectional Synthesis of the Verb,4,6-7 categories per word,Mitchell-1956
aeg,Arabic (Egyptian),23A,Locus of Marking in the Clause,4,No marking,Gary-and-Gamal-Eldin-1982
aeg,Arabic (Egyptian),24A,Locus of Marking in Possessive Noun Phrases,4,No marking,Gary-and-Gamal-Eldin-1982
aeg,Arabic (Egyptian),25A,Locus of Marking: Whole-language Typology,5,Inconsistent or other,Gary-and-Gamal-Eldin-1982
aeg,Arabic (Egyptian),25B,Zero Marking of A and P Arguments,2,Non-zero marking,Gary-and-Gamal-Eldin-1982
aeg,Arabic (Egyptian),26A,Prefixing vs. Suffixing in Inflectional Morphology,3,Weakly suffixing,Gary-and-Gamal-Eldin-1982[passim]
aeg,Arabic (Egyptian),27A,Reduplication,1,Productive full and partial reduplication,Moravcsik-1978
aeg,Arabic (Egyptian),28A,Case Syncretism,1,No case marking,Mitchell-1962
aeg,Arabic (Egyptian),29A,Syncretism in Verbal Person/Number Marking,2,Syncretic,Mitchell-1962
aeg,Arabic (Egyptian),30A,Number of Genders,2,Two,Mitchell-1956[19-20]
aeg,Arabic (Egyptian),31A,Sex-based and Non-sex-based Gender Systems,2,Sex-based,Mitchell-1956[19-20]
aeg,Arabic (Egyptian),32A,Systems of Gender Assignment,3,Semantic and formal,Mitchell-1956[19-20]
aeg,Arabic (Egyptian),33A,Coding of Nominal Plurality,6,Mixed morphological plural,Gary-and-Gamal-Eldin-1982[72-75]
aeg,Arabic (Egyptian),34A,Occurrence of Nominal Plurality,6,"All nouns, always obligatory",Gary-and-Gamal-Eldin-1982
aeg,Arabic (Egyptian),35A,Plurality in Independent Personal Pronouns,4,Person-number stem,Gary-and-Gamal-Eldin-1982[77-79]
aeg,Arabic (Egyptian),36A,The Associative Plural,4,No associative plural,
aeg,Arabic (Egyptian),37A,Definite Articles,3,Definite affix,"Gary-and-Gamal-Eldin-1982[32-33, 59, 76]"
aeg,Arabic (Egyptian),38A,Indefinite Articles,4,"No indefinite, but definite article",Gary-and-Gamal-Eldin-1982[passim]
aeg,Arabic (Egyptian),39A,Inclusive/Exclusive Distinction in Independent Pronouns,3,No inclusive/exclusive,Gary-and-Gamal-Eldin-1982[79]
aeg,Arabic (Egyptian),40A,Inclusive/Exclusive Distinction in Verbal Inflection,3,No inclusive/exclusive,Gary-and-Gamal-Eldin-1982[100]
aeg,Arabic (Egyptian),41A,Distance Contrasts in Demonstratives,2,Two-way contrast,Mitchell-1956[54]
aeg,Arabic (Egyptian),42A,Pronominal and Adnominal Demonstratives,1,Identical,Mitchell-1956[54]
aeg,Arabic (Egyptian),43A,Third Person Pronouns and Demonstratives,5,Related by gender markers,"Mitchell-1956[26, 54]"
aeg,Arabic (Egyptian),44A,Gender Distinctions in Independent Personal Pronouns,1,In 3rd person + 1st and/or 2nd person,Gary-and-Gamal-Eldin-1982[79]
aeg,Arabic (Egyptian),45A,Politeness Distinctions in Pronouns,1,No politeness distinction,Gary-and-Gamal-Eldin-1982[79]
aeg,Arabic (Egyptian),46A,Indefinite Pronouns,2,Generic-noun-based,"Mitchell-1962[56, 151, 155]"
aeg,Arabic (Egyptian),48A,Person Marking on Adpositions,3,Pronouns only,"Gary-and-Gamal-Eldin-1982[29, 59]"
aeg,Arabic (Egyptian),49A,Number of Cases,1,No morphological case-marking,Gary-and-Gamal-Eldin-1982[passim]
aeg,Arabic (Egyptian),50A,Asymmetrical Case-Marking,1,No case-marking,Gary-and-Gamal-Eldin-1982[passim]
aeg,Arabic (Egyptian),51A,Position of Case Affixes,9,No case affixes or adpositional clitics,Gary-and-Gamal-Eldin-1982[59]
aeg,Arabic (Egyptian),52A,Comitatives and Instrumentals,2,Differentiation,Gary-and-Gamal-Eldin-1982[63]
aeg,Arabic (Egyptian),53A,Ordinal Numerals,6,"First, two-th, three-th",Mitchell-1962
aeg,Arabic (Egyptian),54A,Distributive Numerals,1,No distributive numerals,
aeg,Arabic (Egyptian),55A,Numeral Classifiers,1,Absent,
aeg,Arabic (Egyptian),57A,Position of Pronominal Possessive Affixes,2,Possessive suffixes,"Gary-and-Gamal-Eldin-1982[32, 48]"
aeg,Arabic (Egyptian),58A,Obligatory Possessive Inflection,2,Absent,Gary-and-Gamal-Eldin-1982
aeg,Arabic (Egyptian),58B,Number of Possessive Nouns,1,None reported,Gary-and-Gamal-Eldin-1982
aeg,Arabic (Egyptian),59A,Possessive Classification,1,No possessive classification,Gary-and-Gamal-Eldin-1982
aeg,Arabic (Egyptian),62A,Action Nominal Constructions,6,Mixed,Abdel-Massih-et-al-1979;Gary-and-Gamal-Eldin-1982[63]
aeg,Arabic (Egyptian),63A,Noun Phrase Conjunction,1,'And' different from 'with',Gary-and-Gamal-Eldin-1982
aeg,Arabic (Egyptian),64A,Nominal and Verbal Conjunction,1,Identity,"Gary-and-Gamal-Eldin-1982[33, 37]"
aeg,Arabic (Egyptian),65A,Perfective/Imperfective Aspect,1,Grammatical marking,Eisele-1999
aeg,Arabic (Egyptian),66A,The Past Tense,1,"Present, no remoteness distinctions",Eisele-1999
aeg,Arabic (Egyptian),67A,The Future Tense,1,Inflectional future exists,Eisele-1999
aeg,Arabic (Egyptian),68A,The Perfect,4,No perfect,Eisele-1999
aeg,Arabic (Egyptian),69A,Position of Tense-Aspect Affixes,4,Mixed type,"Gary-and-Gamal-Eldin-1982[92, 93, 95, 100-101]"
aeg,Arabic (Egyptian),70A,The Morphological Imperative,1,Second singular and second plural,Gary-and-Gamal-Eldin-1982[97-98]
aeg,Arabic (Egyptian),71A,The Prohibitive,3,Special imperative + normal negative,Gary-and-Gamal-Eldin-1982[38-39]
aeg,Arabic (Egyptian),72A,Imperative-Hortative Systems,4,Neither type of system,"Gary-and-Gamal-Eldin-1982[15, 97]"
aeg,Arabic (Egyptian),73A,The Optative,2,Inflectional optative absent,Gary-and-Gamal-Eldin-1982
aeg,Arabic (Egyptian),74A,Situational Possibility,2,Verbal constructions,Gary-and-Gamal-Eldin-1982;Mitchell-and-Al-Hassan-1994[44-50]
aeg,Arabic (Egyptian),75A,Epistemic Possibility,1,Verbal constructions,Gary-and-Gamal-Eldin-1982;Mitchell-and-Al-Hassan-1994[44-50]
aeg,Arabic (Egyptian),76A,Overlap between Situational and Epistemic Modal Marking,1,Overlap for both possibility and necessity,Gary-and-Gamal-Eldin-1982;Mitchell-and-Al-Hassan-1994[47-58]
aeg,Arabic (Egyptian),77A,Semantic Distinctions of Evidentiality,1,No grammatical evidentials,Gary-and-Gamal-Eldin-1982
aeg,Arabic (Egyptian),78A,Coding of Evidentiality,1,No grammatical evidentials,Gary-and-Gamal-Eldin-1982
aeg,Arabic (Egyptian),79A,Suppletion According to Tense and Aspect,4,None,Mitchell-1962
aeg,Arabic (Egyptian),79B,Suppletion in Imperatives and Hortatives,2,Imperative,
aeg,Arabic (Egyptian),80A,Verbal Number and Suppletion,1,None,Mitchell-1962
aeg,Arabic (Egyptian),81A,"Order of Subject, Object and Verb",2,SVO,"Gary-and-Gamal-Eldin-1982[25, 59, 61, 102]"
aeg,Arabic (Egyptian),82A,Order of Subject and Verb,1,SV,"Gary-and-Gamal-Eldin-1982[25, 59, 61, 102]"
aeg,Arabic (Egyptian),83A,Order of Object and Verb,2,VO,"Gary-and-Gamal-Eldin-1982[25, 59, 61, 102]"
aeg,Arabic (Egyptian),84A,"Order of Object, Oblique, and Verb",1,VOX,Gary-and-Gamal-Eldin-1982[25]
aeg,Arabic (Egyptian),85A,Order of Adposition and Noun Phrase,2,Prepositions,"Gary-and-Gamal-Eldin-1982[29, 57]"
aeg,Arabic (Egyptian),86A,Order of Genitive and Noun,2,Noun-Genitive,"Gary-and-Gamal-Eldin-1982[31, 48-49]"
aeg,Arabic (Egyptian),87A,Order of Adjective and Noun,2,Noun-Adjective,"Gary-and-Gamal-Eldin-1982[31, 33, 107]"
aeg,Arabic (Egyptian),88A,Order of Demonstrative and Noun,2,Noun-Demonstrative,"Gary-and-Gamal-Eldin-1982[32-33, 85-86]"
aeg,Arabic (Egyptian),89A,Order of Numeral and Noun,3,No dominant order,"Gary-and-Gamal-Eldin-1982[33, 111]"
aeg,Arabic (Egyptian),90A,Order of Relative Clause and Noun,1,Noun-Relative clause,"Gary-and-Gamal-Eldin-1982[18, 33]"
aeg,Arabic (Egyptian),90C,Postnominal relative clauses,1,Noun-Relative clause (NRel) dominant,"Gary-and-Gamal-Eldin-1982[18, 33]"
aeg,Arabic (Egyptian),91A,Order of Degree Word and Adjective,2,Adjective-Degree word,Gary-and-Gamal-Eldin-1982[27]
aeg,Arabic (Egyptian),92A,Position of Polar Question Particles,1,Initial,Gary-and-Gamal-Eldin-1982[4]
aeg,Arabic (Egyptian),93A,Position of Interrogative Phrases in Content Questions,2,Not initial interrogative phrase,Gary-and-Gamal-Eldin-1982[6]
aeg,Arabic (Egyptian),94A,Order of Adverbial Subordinator and Clause,1,Initial subordinator word,"Gary-and-Gamal-Eldin-1982[19, 21]"
aeg,Arabic (Egyptian),95A,Relationship between the Order of Object and Verb and the Order of Adposition and Noun Phrase,4,VO and Prepositions,
aeg,Arabic (Egyptian),96A,Relationship between the Order of Object and Verb and the Order of Relative Clause and Noun,4,VO and NRel,
aeg,Arabic (Egyptian),97A,Relationship between the Order of Object and Verb and the Order of Adjective and Noun,4,VO and NAdj,
aeg,Arabic (Egyptian),98A,Alignment of Case Marking of Full Noun Phrases,1,Neutral,"Gary-and-Gamal-Eldin-1982[60, 62]"
aeg,Arabic (Egyptian),99A,Alignment of Case Marking of Pronouns,1,Neutral,Gary-and-Gamal-Eldin-1982[61]
aeg,Arabic (Egyptian),100A,Alignment of Verbal Person Marking,2,Accusative,Gary-and-Gamal-Eldin-1982[100-1]
aeg,Arabic (Egyptian),101A,Expression of Pronominal Subjects,2,Subject affixes on verb,"Gary-and-Gamal-Eldin-1982[60, 100-101]"
aeg,Arabic (Egyptian),102A,Verbal Person Marking,5,Both the A and P arguments,"Gary-and-Gamal-Eldin-1982[100, 101]"
aeg,Arabic (Egyptian),103A,Third Person Zero of Verbal Person Marking,4,Zero in all 3sg forms,Gary-and-Gamal-Eldin-1982[100]
aeg,Arabic (Egyptian),104A,Order of Person Markers on the Verb,2,A precedes P,Gary-and-Gamal-Eldin-1982[100-01]
aeg,Arabic (Egyptian),105A,Ditransitive Constructions: The Verb 'Give',4,Mixed,"Wise-1975[4];Gary-and-Gamal-Eldin-1982[59-61];Mitchell-1962[85, 97, 99]"
aeg,Arabic (Egyptian),106A,Reciprocal Constructions,2,Distinct from reflexive,Gary-and-Gamal-Eldin-1982[44-45]
aeg,Arabic (Egyptian),107A,Passive Constructions,1,Present,Gary-and-Gamal-Eldin-1982[89]
aeg,Arabic (Egyptian),108A,Antipassive Constructions,3,No antipassive,Mitchell-1956
aeg,Arabic (Egyptian),108B,Productivity of the Antipassive Construction,4,no antipassive,Mitchell-1956
aeg,Arabic (Egyptian),109A,Applicative Constructions,8,No applicative construction,Gary-and-Gamal-Eldin-1982;Mitchell-1956
aeg,Arabic (Egyptian),109B,Other Roles of Applied Objects,5,No applicative construction,
aeg,Arabic (Egyptian),110A,Periphrastic Causative Constructions,2,Purposive but no sequential,"Gary-and-Gamal-Eldin-1982[92, 117]"
aeg,Arabic (Egyptian),111A,Nonperiphrastic Causative Constructions,2,Morphological but no compound,"Gary-and-Gamal-Eldin-1982[92, 117]"
aeg,Arabic (Egyptian),112A,Negative Morphemes,2,Negative particle,Gary-and-Gamal-Eldin-1982[38]
aeg,Arabic (Egyptian),113A,Symmetric and Asymmetric Standard Negation,1,Symmetric,Gary-and-Gamal-Eldin-1982[38-39]
aeg,Arabic (Egyptian),114A,Subtypes of Asymmetric Standard Negation,7,Non-assignable,Gary-and-Gamal-Eldin-1982[38-39]
aeg,Arabic (Egyptian),115A,Negative Indefinite Pronouns and Predicate Negation,1,Predicate negation also present,Mitchell-1962[111]
aeg,Arabic (Egyptian),116A,Polar Questions,1,Question particle,Gary-and-Gamal-Eldin-1982[4]
aeg,Arabic (Egyptian),117A,Predicative Possession,1,Locational,Gary-and-Gamal-Eldin-1982
aeg,Arabic (Egyptian),118A,Predicative Adjectives,2,Nonverbal encoding,Gary-and-Gamal-Eldin-1982
aeg,Arabic (Egyptian),119A,Nominal and Locational Predication,2,Identical,Gary-and-Gamal-Eldin-1982
aeg,Arabic (Egyptian),120A,Zero Copula for Predicate Nominals,2,Possible,Gary-and-Gamal-Eldin-1982
aeg,Arabic (Egyptian),122A,Relativization on Subjects,4,Gap,Gary-and-Gamal-Eldin-1982
aeg,Arabic (Egyptian),123A,Relativization on Obliques,3,Pronoun-retention,Gary-and-Gamal-Eldin-1982
aeg,Arabic (Egyptian),124A,'Want' Complement Subjects,2,Subject is expressed overtly,"Mitchell-1962[87, 103, 144]"
aeg,Arabic (Egyptian),143A,Order of Negative Morpheme and Verb,15,OptDoubleNeg,Gary-and-Gamal-Eldin-1982[38]
aeg,Arabic (Egyptian),143C,Optional Double Negation,14,NegV/[Neg-V-Neg],Gary-and-Gamal-Eldin-1982[38]
aeg,Arabic (Egyptian),143E,Preverbal Negative Morphemes,3,NegV&[Neg-V],Gary-and-Gamal-Eldin-1982[38]
aeg,Arabic (Egyptian),143F,Postverbal Negative Morphemes,2,[V-Neg],Gary-and-Gamal-Eldin-1982[38]
aeg,Arabic (Egyptian),143G,Minor morphological means of signaling negation,4,None,Gary-and-Gamal-Eldin-1982[38]
aeg,Arabic (Egyptian),144A,"Position of Negative Word With Respect to Subject, Object, and Verb",19,OptDoubleNeg,Gary-and-Gamal-Eldin-1982[38]
aeg,Arabic (Egyptian),144B,Position of negative words relative to beginning and end of clause and with respect to adjacency to verb,3,Immed preverbal,Gary-and-Gamal-Eldin-1982[38]
aeg,Arabic (Egyptian),144D,The Position of Negative Morphemes in SVO Languages,15,OptNeg,Gary-and-Gamal-Eldin-1982[38]
aeg,Arabic (Egyptian),144G,Optional Double Negation in SVO languages,15,SNeg[V-Neg]O/S[Neg-V-Neg]O,Gary-and-Gamal-Eldin-1982[38]
aeg,Arabic (Egyptian),144H,NegSVO Order,4,No NegSVO,Gary-and-Gamal-Eldin-1982[38]
aeg,Arabic (Egyptian),144I,SNegVO Order,7,Type 1 / Type 2,Gary-and-Gamal-Eldin-1982[38]
aeg,Arabic (Egyptian),144J,SVNegO Order,6,Suffix&OnlyWithAnotherNeg,Gary-and-Gamal-Eldin-1982[38]
aeg,Arabic (Egyptian),144K,SVONeg Order,4,No SVONeg,Gary-and-Gamal-Eldin-1982[38]
ams,Arabic (Modern Standard),26A,Prefixing vs. Suffixing in Inflectional Morphology,2,Strongly suffixing,Cowan-1958[passim];Haywood-and-Nahmad-1965[passim]
ams,Arabic (Modern Standard),37A,Definite Articles,3,Definite affix,Cowan-1958[9]
ams,Arabic (Modern Standard),51A,Position of Case Affixes,1,Case suffixes,Cowan-1958[passim]
ams,Arabic (Modern Standard),57A,Position of Pronominal Possessive Affixes,2,Possessive suffixes,Cowan-1958[48-49]
ams,Arabic (Modern Standard),81A,"Order of Subject, Object and Verb",3,VSO,Cowan-1958[57]
ams,Arabic (Modern Standard),82A,Order of Subject and Verb,2,VS,Cowan-1958[57]
ams,Arabic (Modern Standard),83A,Order of Object and Verb,2,VO,Cowan-1958[57]
ams,Arabic (Modern Standard),84A,"Order of Object, Oblique, and Verb",1,VOX,Cowan-1958[192]
ams,Arabic (Modern Standard),85A,Order of Adposition and Noun Phrase,2,Prepositions,Cowan-1958[35]
ams,Arabic (Modern Standard),86A,Order of Genitive and Noun,2,Noun-Genitive,Cowan-1958[33]
ams,Arabic (Modern Standard),87A,Order of Adjective and Noun,2,Noun-Adjective,Cowan-1958[10]
ams,Arabic (Modern Standard),88A,Order of Demonstrative and Noun,1,Demonstrative-Noun,Haywood-and-Nahmad-1965[81];Cowan-1958[passim]
ams,Arabic (Modern Standard),89A,Order of Numeral and Noun,1,Numeral-Noun,Cowan-1958[184-185]
ams,Arabic (Modern Standard),91A,Order of Degree Word and Adjective,2,Adjective-Degree word,Cowan-1958[passim]
ams,Arabic (Modern Standard),92A,Position of Polar Question Particles,1,Initial,Cowan-1958[11]
ams,Arabic (Modern Standard),94A,Order of Adverbial Subordinator and Clause,1,Initial subordinator word,Cowan-1958[passim]
ams,Arabic (Modern Standard),95A,Relationship between the Order of Object and Verb and the Order of Adposition and Noun Phrase,4,VO and Prepositions,
ams,Arabic (Modern Standard),97A,Relationship between the Order of Object and Verb and the Order of Adjective and Noun,4,VO and NAdj,
ams,Arabic (Modern Standard),116A,Polar Questions,1,Question particle,Cowan-1958[11]
ams,Arabic (Modern Standard),121A,Comparative Constructions,1,Locational,Nasr-1967
ams,Arabic (Modern Standard),143A,Order of Negative Morpheme and Verb,1,NegV,Cowan-1958[passim]
ams,Arabic (Modern Standard),143E,Preverbal Negative Morphemes,1,NegV,Cowan-1958[passim]
ams,Arabic (Modern Standard),143F,Postverbal Negative Morphemes,4,None,Cowan-1958[passim]
ams,Arabic (Modern Standard),143G,Minor morphological means of signaling negation,4,None,Cowan-1958[passim]
ams,Arabic (Modern Standard),144A,"Position of Negative Word With Respect to Subject, Object, and Verb",9,NegVSO,Cowan-1958[passim]
ams,Arabic (Modern Standard),144B,Position of negative words relative to beginning and end of clause and with respect to adjacency to verb,3,Immed preverbal,Cowan-1958[passim]
ams,Arabic (Modern Standard),144T,The Position of Negative Morphemes in Verb-Initial Languages,1,NegVSO,Cowan-1958[passim]
ams,Arabic (Modern Standard),144V,Verb-Initial with Preverbal Negative,1,"Separate word, no double negation  Word&NoDoubleNeg",Cowan-1958[passim]
ams,Arabic (Modern Standard),144W,Verb-Initial with Negative that is Immediately Postverbal or between Subject and Object,6,None,Cowan-1958[passim]
ams,Arabic (Modern Standard),144X,Verb-Initial with Clause-Final Negative,4,No clause-final neg,Cowan-1958[passim]
ben,Bengali,36A,The Associative Plural,2,Unique affixal associative plural,
ben,Bengali,47A,Intensifiers and Reflexive Pronouns,1,Identical,
ben,Bengali,51A,Position of Case Affixes,1,Case suffixes,Dasgupta-2003[364]
ben,Bengali,53A,Ordinal Numerals,6,"First, two-th, three-th",Radice-1994
ben,Bengali,54A,Distributive Numerals,2,Marked by reduplication,Abbi-1992[79]
ben,Bengali,55A,Numeral Classifiers,3,Obligatory,
ben,Bengali,65A,Perfective/Imperfective Aspect,2,No grammatical marking,Dahl-1985[167]
ben,Bengali,66A,The Past Tense,1,"Present, no remoteness distinctions",Dahl-1985[167]
ben,Bengali,67A,The Future Tense,1,Inflectional future exists,Dahl-1985[167]
ben,Bengali,68A,The Perfect,3,Other perfect,Dahl-1985[167]
ben,Bengali,79A,Suppletion According to Tense and Aspect,3,Tense and aspect,Radice-1994[50-55];Dimock-1965[191]
ben,Bengali,79B,Suppletion in Imperatives and Hortatives,5,None (= no suppletive imperatives reported in the reference material),
ben,Bengali,80A,Verbal Number and Suppletion,1,None,Dimock-1965;Radice-1994
ben,Bengali,81A,"Order of Subject, Object and Verb",1,SOV,Dasgupta-2003[375]
ben,Bengali,82A,Order of Subject and Verb,1,SV,Dasgupta-2003[375]
ben,Bengali,83A,Order of Object and Verb,1,OV,Dasgupta-2003[375]
ben,Bengali,84A,"Order of Object, Oblique, and Verb",3,XOV,Dasgupta-2003[375]
ben,Bengali,112A,Negative Morphemes,2,Negative particle,Dasgupta-2003[passim]
ben,Bengali,117A,Predicative Possession,2,Genitive,Ferguson-1972
ben,Bengali,118A,Predicative Adjectives,2,Nonverbal encoding,Ferguson-1972
ben,Bengali,119A,Nominal and Locational Predication,2,Identical,Ferguson-1972
ben,Bengali,120A,Zero Copula for Predicate Nominals,2,Possible,Ferguson-1972
ben,Bengali,124A,'Want' Complement Subjects,1,Subject is left implicit,Dasgupta-2003
ben,Bengali,143A,Order of Negative Morpheme and Verb,2,VNeg,Dasgupta-2003[375]
ben,Bengali,143E,Preverbal Negative Morphemes,4,None,Dasgupta-2003[375]
ben,Bengali,143F,Postverbal Negative Morphemes,1,VNeg,Dasgupta-2003[375]
ben,Bengali,143G,Minor morphological means of signaling negation,4,None,Dasgupta-2003[375]
ben,Bengali,144A,"Position of Negative Word With Respect to Subject, Object, and Verb",8,SOVNeg,Dasgupta-2003[375]
ben,Bengali,144B,Position of negative words relative to beginning and end of clause and with respect to adjacency to verb,4,Immed postverbal,Dasgupta-2003[375]
ben,Bengali,144L,The Position of Negative Morphemes in SOV Languages,4,SOVNeg,Dasgupta-2003[375]
ben,Bengali,144P,NegSOV Order,4,No NegSOV,Dasgupta-2003[375]
ben,Bengali,144Q,SNegOV Order,4,No SNegOV,Dasgupta-2003[375]
ben,Bengali,144R,SONegV Order,8,No SONegV,Dasgupta-2003[375]
ben,Bengali,144S,SOVNeg Order,1,Word&NoDoubleNeg,Dasgupta-2003[375]
eng,English,20A,Fusion of Selected Inflectional Formatives,1,Exclusively concatenative,
eng,English,21A,Exponence of Selected Inflectional Formatives,5,No case,
eng,English,21B,Exponence of Tense-Aspect-Mood Inflection,1,monoexponential TAM,
eng,English,22A,Inflectional Synthesis of the Verb,2,2-3 categories per word,
eng,English,23A,Locus of Marking in the Clause,2,Dependent marking,
eng,English,24A,Locus of Marking in Possessive Noun Phrases,2,Dependent marking,
eng,English,25A,Locus of Marking: Whole-language Typology,2,Dependent-marking,
eng,English,25B,Zero Marking of A and P Arguments,2,Non-zero marking,
eng,English,26A,Prefixing vs. Suffixing in Inflectional Morphology,2,Strongly suffixing,
eng,English,27A,Reduplication,3,No productive reduplication,Erickson-2001
eng,English,28A,Case Syncretism,2,Core cases only,
eng,English,29A,Syncretism in Verbal Person/Number Marking,2,Syncretic,
eng,English,30A,Number of Genders,3,Three,
eng,English,31A,Sex-based and Non-sex-based Gender Systems,2,Sex-based,
eng,English,32A,Systems of Gender Assignment,2,Semantic,
eng,English,33A,Coding of Nominal Plurality,2,Plural suffix,
eng,English,34A,Occurrence of Nominal Plurality,6,"All nouns, always obligatory",
eng,English,35A,Plurality in Independent Personal Pronouns,4,Person-number stem,
eng,English,36A,The Associative Plural,4,No associative plural,
eng,English,37A,Definite Articles,1,Definite word distinct from demonstrative,
eng,English,38A,Indefinite Articles,1,Indefinite word distinct from 'one',
eng,English,39A,Inclusive/Exclusive Distinction in Independent Pronouns,3,No inclusive/exclusive,
eng,English,40A,Inclusive/Exclusive Distinction in Verbal Inflection,2,'We' the same as 'I',
eng,English,41A,Distance Contrasts in Demonstratives,2,Two-way contrast,
eng,English,42A,Pronominal and Adnominal Demonstratives,1,Identical,
eng,English,43A,Third Person Pronouns and Demonstratives,2,Related for all demonstratives,Quirk-et-al-1985[365]
eng,English,44A,Gender Distinctions in Independent Personal Pronouns,3,3rd person singular only,Quirk-et-al-1972[205]
eng,English,45A,Politeness Distinctions in Pronouns,1,No politeness distinction,
eng,English,46A,Indefinite Pronouns,2,Generic-noun-based,
eng,English,47A,Intensifiers and Reflexive Pronouns,1,Identical,
eng,English,48A,Person Marking on Adpositions,2,No person marking,Quirk-et-al-1972[297-337]
eng,English,49A,Number of Cases,2,2 cases,"Quirk-et-al-1985[318-331, 336-339, 361-371]"
eng,English,50A,Asymmetrical Case-Marking,3,Additive-quantitatively asymmetrical,"Quirk-et-al-1985[318-331, 336-339, 361-371]"
eng,English,51A,Position of Case Affixes,9,No case affixes or adpositional clitics,
eng,English,52A,Comitatives and Instrumentals,1,Identity,
eng,English,53A,Ordinal Numerals,7,"First, second, three-th",
eng,English,54A,Distributive Numerals,1,No distributive numerals,
eng,English,55A,Numeral Classifiers,1,Absent,
eng,English,56A,Conjunctions and Universal Quantifiers,2,"Formally similar, without interrogative",
eng,English,57A,Position of Pronominal Possessive Affixes,4,No possessive affixes,
eng,English,58A,Obligatory Possessive Inflection,2,Absent,
eng,English,58B,Number of Possessive Nouns,1,None reported,
eng,English,59A,Possessive Classification,1,No possessive classification,
eng,English,60A,"Genitives, Adjectives and Relative Clauses",6,Highly differentiated,
eng,English,61A,Adjectives without Nouns,6,Marked by following word,
eng,English,62A,Action Nominal Constructions,6,Mixed,
eng,English,63A,Noun Phrase Conjunction,1,'And' different from 'with',
eng,English,64A,Nominal and Verbal Conjunction,1,Identity,
eng,English,65A,Perfective/Imperfective Aspect,2,No grammatical marking,Dahl-1985[166]
eng,English,66A,The Past Tense,1,"Present, no remoteness distinctions",Dahl-1985[166]
eng,English,67A,The Future Tense,2,No inflectional future,Dahl-1985[166]
eng,English,68A,The Perfect,1,From possessive,Dahl-1985[166]
eng,English,69A,Position of Tense-Aspect Affixes,2,Tense-aspect suffixes,
eng,English,70A,The Morphological Imperative,5,No second-person imperatives,
eng,English,71A,The Prohibitive,1,Normal imperative + normal negative,
eng,English,72A,Imperative-Hortative Systems,4,Neither type of system,
eng,English,73A,The Optative,2,Inflectional optative absent,
eng,English,74A,Situational Possibility,2,Verbal constructions,Leech-and-Svartvik-1994[145-147]
eng,English,75A,Epistemic Possibility,1,Verbal constructions,Leech-and-Svartvik-1994[145f.]
eng,English,76A,Overlap between Situational and Epistemic Modal Marking,1,Overlap for both possibility and necessity,"Leech-and-Svartvik-1994[135, 163]"
eng,English,77A,Semantic Distinctions of Evidentiality,1,No grammatical evidentials,
eng,English,78A,Coding of Evidentiality,1,No grammatical evidentials,
eng,English,79A,Suppletion According to Tense and Aspect,1,Tense,
eng,English,79B,Suppletion in Imperatives and Hortatives,5,None (= no suppletive imperatives reported in the reference material),
eng,English,80A,Verbal Number and Suppletion,1,None,
eng,English,81A,"Order of Subject, Object and Verb",2,SVO,
eng,English,82A,Order of Subject and Verb,1,SV,
eng,English,83A,Order of Object and Verb,2,VO,
eng,English,84A,"Order of Object, Oblique, and Verb",1,VOX,
eng,English,85A,Order of Adposition and Noun Phrase,2,Prepositions,
eng,English,86A,Order of Genitive and Noun,3,No dominant order,
eng,English,87A,Order of Adjective and Noun,1,Adjective-Noun,
eng,English,88A,Order of Demonstrative and Noun,1,Demonstrative-Noun,
eng,English,89A,Order of Numeral and Noun,1,Numeral-Noun,
eng,English,90A,Order of Relative Clause and Noun,1,Noun-Relative clause,
eng,English,90C,Postnominal relative clauses,1,Noun-Relative clause (NRel) dominant,
eng,English,91A,Order of Degree Word and Adjective,1,Degree word-Adjective,
eng,English,92A,Position of Polar Question Particles,6,No question particle,
eng,English,93A,Position of Interrogative Phrases in Content Questions,1,Initial interrogative phrase,
eng,English,94A,Order of Adverbial Subordinator and Clause,1,Initial subordinator word,
eng,English,95A,Relationship between the Order of Object and Verb and the Order of Adposition and Noun Phrase,4,VO and Prepositions,
eng,English,96A,Relationship between the Order of Object and Verb and the Order of Relative Clause and Noun,4,VO and NRel,
eng,English,97A,Relationship between the Order of Object and Verb and the Order of Adjective and Noun,3,VO and AdjN,
eng,English,98A,Alignment of Case Marking of Full Noun Phrases,1,Neutral,
eng,English,99A,Alignment of Case Marking of Pronouns,2,Nominative - accusative (standard),
eng,English,100A,Alignment of Verbal Person Marking,2,Accusative,Quirk-et-al-1972[71-73]
eng,English,101A,Expression of Pronominal Subjects,1,Obligatory pronouns in subject position,
eng,English,102A,Verbal Person Marking,2,Only the A argument,Quirk-et-al-1972[71-73]
eng,English,103A,Third Person Zero of Verbal Person Marking,2,No zero realization,Quirk-et-al-1972[71-73]
eng,English,104A,Order of Person Markers on the Verb,1,A and P do not or do not both occur on the verb,Quirk-et-al-1972[71-73]
eng,English,105A,Ditransitive Constructions: The Verb 'Give',4,Mixed,
eng,English,106A,Reciprocal Constructions,2,Distinct from reflexive,
eng,English,107A,Passive Constructions,1,Present,Quirk-et-al-1972[801-811]
eng,English,108A,Antipassive Constructions,3,No antipassive,
eng,English,108B,Productivity of the Antipassive Construction,4,no antipassive,
eng,English,109A,Applicative Constructions,8,No applicative construction,
eng,English,109B,Other Roles of Applied Objects,5,No applicative construction,
eng,English,110A,Periphrastic Causative Constructions,1,Sequential but no purposive,
eng,English,111A,Nonperiphrastic Causative Constructions,2,Morphological but no compound,
eng,English,112A,Negative Morphemes,2,Negative particle,
eng,English,113A,Symmetric and Asymmetric Standard Negation,3,Both,
eng,English,114A,Subtypes of Asymmetric Standard Negation,3,A/Cat,
eng,English,115A,Negative Indefinite Pronouns and Predicate Negation,3,Mixed behaviour,
eng,English,116A,Polar Questions,4,Interrogative word order,
eng,English,117A,Predicative Possession,5,'Have',
eng,English,118A,Predicative Adjectives,2,Nonverbal encoding,
eng,English,119A,Nominal and Locational Predication,2,Identical,
eng,English,120A,Zero Copula for Predicate Nominals,1,Impossible,
eng,English,121A,Comparative Constructions,4,Particle,
eng,English,122A,Relativization on Subjects,1,Relative pronoun,
eng,English,123A,Relativization on Obliques,1,Relative pronoun,
eng,English,124A,'Want' Complement Subjects,1,Subject is left implicit,
eng,English,125A,Purpose Clauses,2,Balanced/deranked,
eng,English,126A,'When' Clauses,2,Balanced/deranked,
eng,English,127A,Reason Clauses,2,Balanced/deranked,
eng,English,128A,Utterance Complement Clauses,1,Balanced,
eng,English,143A,Order of Negative Morpheme and Verb,1,NegV,
eng,English,143E,Preverbal Negative Morphemes,1,NegV,
eng,English,143F,Postverbal Negative Morphemes,4,None,
eng,English,143G,Minor morphological means of signaling negation,4,None,
eng,English,144A,"Position of Negative Word With Respect to Subject, Object, and Verb",2,SNegVO,
eng,English,144B,Position of negative words relative to beginning and end of clause and with respect to adjacency to verb,3,Immed preverbal,
eng,English,144D,The Position of Negative Morphemes in SVO Languages,2,SNegVO,
eng,English,144H,NegSVO Order,4,No NegSVO,
eng,English,144I,SNegVO Order,1,Word&NoDoubleNeg,
eng,English,144J,SVNegO Order,7,No SVNegO,
eng,English,144K,SVONeg Order,4,No SVONeg,
fre,French,20A,Fusion of Selected Inflectional Formatives,1,Exclusively concatenative,Harris-1988;Judge-and-Healey-1985
fre,French,21A,Exponence of Selected Inflectional Formatives,5,No case,Harris-1988;Judge-and-Healey-1985
fre,French,21B,Exponence of Tense-Aspect-Mood Inflection,2,TAM+agreement,Judge-and-Healey-1985;Harris-1988
fre,French,22A,Inflectional Synthesis of the Verb,3,4-5 categories per word,Harris-1988;Judge-and-Healey-1985
fre,French,23A,Locus of Marking in the Clause,4,No marking,
fre,French,24A,Locus of Marking in Possessive Noun Phrases,2,Dependent marking,
fre,French,25A,Locus of Marking: Whole-language Typology,5,Inconsistent or other,
fre,French,25B,Zero Marking of A and P Arguments,2,Non-zero marking,
fre,French,26A,Prefixing vs. Suffixing in Inflectional Morphology,2,Strongly suffixing,Harris-1988[passim]
fre,French,27A,Reduplication,3,No productive reduplication,Fox-2001
fre,French,28A,Case Syncretism,3,Core and non-core,
fre,French,29A,Syncretism in Verbal Person/Number Marking,2,Syncretic,
fre,French,30A,Number of Genders,2,Two,
fre,French,31A,Sex-based and Non-sex-based Gender Systems,2,Sex-based,
fre,French,32A,Systems of Gender Assignment,3,Semantic and formal,
fre,French,33A,Coding of Nominal Plurality,2,Plural suffix,Harris-1988[226]
fre,French,34A,Occurrence of Nominal Plurality,6,"All nouns, always obligatory",
fre,French,35A,Plurality in Independent Personal Pronouns,6,Person-number stem + nominal plural affix,
fre,French,36A,The Associative Plural,4,No associative plural,
fre,French,37A,Definite Articles,1,Definite word distinct from demonstrative,
fre,French,38A,Indefinite Articles,2,Indefinite word same as 'one',
fre,French,39A,Inclusive/Exclusive Distinction in Independent Pronouns,3,No inclusive/exclusive,
fre,French,40A,Inclusive/Exclusive Distinction in Verbal Inflection,3,No inclusive/exclusive,
fre,French,41A,Distance Contrasts in Demonstratives,1,No distance contrast,
fre,French,42A,Pronominal and Adnominal Demonstratives,2,Different stem,
fre,French,43A,Third Person Pronouns and Demonstratives,5,Related by gender markers,"Harris-1997[219, 221]"
fre,French,44A,Gender Distinctions in Independent Personal Pronouns,3,3rd person singular only,Harris-1988[219-20]
fre,French,45A,Politeness Distinctions in Pronouns,2,Binary politeness distinction,Judge-and-Healey-1985
fre,French,46A,Indefinite Pronouns,2,Generic-noun-based,
fre,French,47A,Intensifiers and Reflexive Pronouns,2,Differentiated,Weinrich-1982[141-151]
fre,French,48A,Person Marking on Adpositions,2,No person marking,Harris-1988[228]
fre,French,49A,Number of Cases,1,No morphological case-marking,"Judge-and-Healey-1985[55-68, 340-344, 421-423]"
fre,French,50A,Asymmetrical Case-Marking,1,No case-marking,"Judge-and-Healey-1985[55-68, 340-344, 421-423]"
fre,French,51A,Position of Case Affixes,7,Prepositional clitics,
fre,French,52A,Comitatives and Instrumentals,1,Identity,Lausberg-1972
fre,French,53A,Ordinal Numerals,7,"First, second, three-th",Lausberg-1972[172-183]
fre,French,54A,Distributive Numerals,1,No distributive numerals,
fre,French,55A,Numeral Classifiers,1,Absent,
fre,French,56A,Conjunctions and Universal Quantifiers,1,Formally different,
fre,French,57A,Position of Pronominal Possessive Affixes,4,No possessive affixes,
fre,French,58A,Obligatory Possessive Inflection,2,Absent,
fre,French,58B,Number of Possessive Nouns,1,None reported,
fre,French,59A,Possessive Classification,1,No possessive classification,
fre,French,60A,"Genitives, Adjectives and Relative Clauses",6,Highly differentiated,
fre,French,61A,Adjectives without Nouns,2,Without marking,
fre,French,62A,Action Nominal Constructions,3,Ergative-Possessive,
fre,French,63A,Noun Phrase Conjunction,1,'And' different from 'with',
fre,French,64A,Nominal and Verbal Conjunction,1,Identity,
fre,French,65A,Perfective/Imperfective Aspect,1,Grammatical marking,Dahl-1985[170]
fre,French,66A,The Past Tense,1,"Present, no remoteness distinctions",Dahl-1985[170]
fre,French,67A,The Future Tense,1,Inflectional future exists,Dahl-1985[170]
fre,French,68A,The Perfect,1,From possessive,Dahl-1985[170]
fre,French,69A,Position of Tense-Aspect Affixes,2,Tense-aspect suffixes,
fre,French,70A,The Morphological Imperative,2,Second singular,
fre,French,71A,The Prohibitive,1,Normal imperative + normal negative,
fre,French,72A,Imperative-Hortative Systems,4,Neither type of system,
fre,French,73A,The Optative,2,Inflectional optative absent,
fre,French,74A,Situational Possibility,2,Verbal constructions,LHuillier-1999[279-283]
fre,French,75A,Epistemic Possibility,1,Verbal constructions,LHuillier-1999[280f.]
fre,French,76A,Overlap between Situational and Epistemic Modal Marking,1,Overlap for both possibility and necessity,LHuillier-1999[275-281]
fre,French,77A,Semantic Distinctions of Evidentiality,2,Indirect only,
fre,French,78A,Coding of Evidentiality,5,Modal morpheme,
fre,French,79A,Suppletion According to Tense and Aspect,3,Tense and aspect,
fre,French,79B,Suppletion in Imperatives and Hortatives,5,None (= no suppletive imperatives reported in the reference material),
fre,French,80A,Verbal Number and Suppletion,1,None,
fre,French,81A,"Order of Subject, Object and Verb",2,SVO,
fre,French,82A,Order of Subject and Verb,1,SV,
fre,French,83A,Order of Object and Verb,2,VO,
fre,French,84A,"Order of Object, Oblique, and Verb",1,VOX,
fre,French,85A,Order of Adposition and Noun Phrase,2,Prepositions,
fre,French,86A,Order of Genitive and Noun,2,Noun-Genitive,
fre,French,87A,Order of Adjective and Noun,2,Noun-Adjective,Harris-1988[227]
fre,French,88A,Order of Demonstrative and Noun,1,Demonstrative-Noun,
fre,French,89A,Order of Numeral and Noun,1,Numeral-Noun,
fre,French,90A,Order of Relative Clause and Noun,1,Noun-Relative clause,
fre,French,90C,Postnominal relative clauses,1,Noun-Relative clause (NRel) dominant,
fre,French,91A,Order of Degree Word and Adjective,1,Degree word-Adjective,
fre,French,92A,Position of Polar Question Particles,1,Initial,Harris-1988[237]
fre,French,93A,Position of Interrogative Phrases in Content Questions,1,Initial interrogative phrase,
fre,French,94A,Order of Adverbial Subordinator and Clause,1,Initial subordinator word,
fre,French,95A,Relationship between the Order of Object and Verb and the Order of Adposition and Noun Phrase,4,VO and Prepositions,
fre,French,96A,Relationship between the Order of Object and Verb and the Order of Relative Clause and Noun,4,VO and NRel,
fre,French,97A,Relationship between the Order of Object and Verb and the Order of Adjective and Noun,4,VO and NAdj,
fre,French,98A,Alignment of Case Marking of Full Noun Phrases,1,Neutral,
fre,French,99A,Alignment of Case Marking of Pronouns,2,Nominative - accusative (standard),
fre,French,100A,Alignment of Verbal Person Marking,2,Accusative,Harris-1988[223-4]
fre,French,101A,Expression of Pronominal Subjects,1,Obligatory pronouns in subject position,
fre,French,102A,Verbal Person Marking,2,Only the A argument,Harris-1988[223-4]
fre,French,103A,Third Person Zero of Verbal Person Marking,2,No zero realization,Harris-1988[223-4]
fre,French,104A,Order of Person Markers on the Verb,1,A and P do not or do not both occur on the verb,Harris-1988[223-4]
fre,French,105A,Ditransitive Constructions: The Verb 'Give',1,Indirect-object construction,
fre,French,106A,Reciprocal Constructions,3,Mixed,Guentcheva-and-Riviere-2007
fre,French,107A,Passive Constructions,1,Present,Harris-1988[232]
fre,French,108A,Antipassive Constructions,3,No antipassive,
fre,French,108B,Productivity of the Antipassive Construction,4,no antipassive,
fre,French,109A,Applicative Constructions,8,No applicative construction,
fre,French,109B,Other Roles of Applied Objects,5,No applicative construction,
fre,French,111A,Nonperiphrastic Causative Constructions,4,Both,Judge-and-Healey-1985[231]
fre,French,112A,Negative Morphemes,2,Negative particle,
fre,French,113A,Symmetric and Asymmetric Standard Negation,1,Symmetric,
fre,French,114A,Subtypes of Asymmetric Standard Negation,7,Non-assignable,
fre,French,115A,Negative Indefinite Pronouns and Predicate Negation,3,Mixed behaviour,Haspelmath-1997[261]
fre,French,116A,Polar Questions,1,Question particle,Harris-1988[237]
fre,French,118A,Predicative Adjectives,2,Nonverbal encoding,
fre,French,119A,Nominal and Locational Predication,2,Identical,
fre,French,120A,Zero Copula for Predicate Nominals,1,Impossible,
fre,French,121A,Comparative Constructions,4,Particle,
fre,French,122A,Relativization on Subjects,1,Relative pronoun,
fre,French,123A,Relativization on Obliques,1,Relative pronoun,
fre,French,124A,'Want' Complement Subjects,1,Subject is left implicit,
fre,French,125A,Purpose Clauses,3,Deranked,
fre,French,126A,'When' Clauses,2,Balanced/deranked,
fre,French,127A,Reason Clauses,2,Balanced/deranked,
fre,French,128A,Utterance Complement Clauses,2,Balanced/deranked,
fre,French,143A,Order of Negative Morpheme and Verb,15,OptDoubleNeg,
fre,French,143C,Optional Double Negation,2,(Neg)VNeg,
fre,French,143E,Preverbal Negative Morphemes,1,NegV,
fre,French,143F,Postverbal Negative Morphemes,1,VNeg,
fre,French,143G,Minor morphological means of signaling negation,4,None,
fre,French,144A,"Position of Negative Word With Respect to Subject, Object, and Verb",19,OptDoubleNeg,
fre,French,144B,Position of negative words relative to beginning and end of clause and with respect to adjacency to verb,4,Immed postverbal,
fre,French,144D,The Position of Negative Morphemes in SVO Languages,15,OptNeg,
fre,French,144G,Optional Double Negation in SVO languages,3,S(Neg)VNegO,
fre,French,144H,NegSVO Order,4,No NegSVO,
fre,French,144I,SNegVO Order,5,Word&OnlyWithAnotherNeg,
fre,French,144J,SVNegO Order,3,Word&OptDoubleNeg,
fre,French,144K,SVONeg Order,4,No SVONeg,
ger,German,20A,Fusion of Selected Inflectional Formatives,1,Exclusively concatenative,
ger,German,21A,Exponence of Selected Inflectional Formatives,2,Case + number,
ger,German,21B,Exponence of Tense-Aspect-Mood Inflection,1,monoexponential TAM,
ger,German,22A,Inflectional Synthesis of the Verb,2,2-3 categories per word,
ger,German,23A,Locus of Marking in the Clause,2,Dependent marking,
ger,German,24A,Locus of Marking in Possessive Noun Phrases,2,Dependent marking,
ger,German,25A,Locus of Marking: Whole-language Typology,2,Dependent-marking,
ger,German,25B,Zero Marking of A and P Arguments,2,Non-zero marking,
ger,German,26A,Prefixing vs. Suffixing in Inflectional Morphology,2,Strongly suffixing,Lederer-1969[passim]
ger,German,27A,Reduplication,3,No productive reduplication,Borgert-and-Nyhan-1975
ger,German,28A,Case Syncretism,3,Core and non-core,
ger,German,29A,Syncretism in Verbal Person/Number Marking,2,Syncretic,
ger,German,30A,Number of Genders,3,Three,
ger,German,31A,Sex-based and Non-sex-based Gender Systems,2,Sex-based,
ger,German,32A,Systems of Gender Assignment,3,Semantic and formal,
ger,German,33A,Coding of Nominal Plurality,2,Plural suffix,Lederer-1969[172-175]
ger,German,34A,Occurrence of Nominal Plurality,6,"All nouns, always obligatory",
ger,German,35A,Plurality in Independent Personal Pronouns,4,Person-number stem,
ger,German,36A,The Associative Plural,3,Unique periphrastic associative plural,
ger,German,37A,Definite Articles,1,Definite word distinct from demonstrative,Lederer-1969[604]
ger,German,38A,Indefinite Articles,2,Indefinite word same as 'one',Lederer-1969[604]
ger,German,39A,Inclusive/Exclusive Distinction in Independent Pronouns,3,No inclusive/exclusive,
ger,German,40A,Inclusive/Exclusive Distinction in Verbal Inflection,3,No inclusive/exclusive,
ger,German,41A,Distance Contrasts in Demonstratives,1,No distance contrast,
ger,German,42A,Pronominal and Adnominal Demonstratives,1,Identical,
ger,German,43A,Third Person Pronouns and Demonstratives,5,Related by gender markers,"Curme-1922[153, 177]"
ger,German,44A,Gender Distinctions in Independent Personal Pronouns,3,3rd person singular only,Borgert-and-Nyhan-1975[361]
ger,German,45A,Politeness Distinctions in Pronouns,2,Binary politeness distinction,
ger,German,46A,Indefinite Pronouns,4,Mixed,
ger,German,47A,Intensifiers and Reflexive Pronouns,2,Differentiated,
ger,German,48A,Person Marking on Adpositions,2,No person marking,Borgert-and-Nyhan-1975[373]
ger,German,49A,Number of Cases,4,4 cases,"Duden-1998[220-229, 237-239, 281-286, 311-313, 329-333, 338-349]"
ger,German,50A,Asymmetrical Case-Marking,6,Syncretism in relevant NP-types,"Duden-1998[220-229, 237-239, 281-286, 311-313, 329-333, 338-349]"
ger,German,51A,Position of Case Affixes,1,Case suffixes,Lederer-1969[181]
ger,German,52A,Comitatives and Instrumentals,1,Identity,
ger,German,53A,Ordinal Numerals,6,"First, two-th, three-th",
ger,German,54A,Distributive Numerals,5,Marked by preceding word,
ger,German,55A,Numeral Classifiers,1,Absent,
ger,German,57A,Position of Pronominal Possessive Affixes,4,No possessive affixes,Lederer-1969[passim]
ger,German,58A,Obligatory Possessive Inflection,2,Absent,
ger,German,58B,Number of Possessive Nouns,1,None reported,
ger,German,59A,Possessive Classification,1,No possessive classification,
ger,German,62A,Action Nominal Constructions,3,Ergative-Possessive,Esau-1973[184]
ger,German,64A,Nominal and Verbal Conjunction,1,Identity,
ger,German,65A,Perfective/Imperfective Aspect,2,No grammatical marking,Dahl-1985[166]
ger,German,66A,The Past Tense,1,"Present, no remoteness distinctions",Dahl-1985[166]
ger,German,67A,The Future Tense,2,No inflectional future,Dahl-1985[166]
ger,German,68A,The Perfect,1,From possessive,Dahl-1985[166]
ger,German,69A,Position of Tense-Aspect Affixes,2,Tense-aspect suffixes,Lederer-1969[48]
ger,German,70A,The Morphological Imperative,2,Second singular,
ger,German,71A,The Prohibitive,1,Normal imperative + normal negative,
ger,German,72A,Imperative-Hortative Systems,4,Neither type of system,
ger,German,73A,The Optative,2,Inflectional optative absent,
ger,German,74A,Situational Possibility,2,Verbal constructions,Zifonun-et-al-1997[1888-1892]
ger,German,75A,Epistemic Possibility,1,Verbal constructions,Zifonun-et-al-1997[1888]
ger,German,76A,Overlap between Situational and Epistemic Modal Marking,1,Overlap for both possibility and necessity,Zifonun-et-al-1997[1891]
ger,German,77A,Semantic Distinctions of Evidentiality,2,Indirect only,Palmer-1986[75]
ger,German,78A,Coding of Evidentiality,5,Modal morpheme,Palmer-1986[75]
ger,German,79A,Suppletion According to Tense and Aspect,1,Tense,"Lide-and-Magnusson-1970[24, 44]"
ger,German,79B,Suppletion in Imperatives and Hortatives,5,None (= no suppletive imperatives reported in the reference material),
ger,German,80A,Verbal Number and Suppletion,1,None,Lide-and-Magnusson-1970
ger,German,81A,"Order of Subject, Object and Verb",7,No dominant order,"Lederer-1969[575ff., own knowledge]"
ger,German,81B,"Languages with two Dominant Orders of Subject, Object, and Verb",1,SOV or SVO,"Lederer-1969[575ff, own knowledge]"
ger,German,82A,Order of Subject and Verb,1,SV,"Lederer-1969[575ff., own knowledge]"
ger,German,83A,Order of Object and Verb,3,No dominant order,"Lederer-1969[575ff., own knowledge]"
ger,German,84A,"Order of Object, Oblique, and Verb",6,No dominant order,Lederer-1969[own knowledge]
ger,German,85A,Order of Adposition and Noun Phrase,2,Prepositions,Lederer-1969[356-357]
ger,German,86A,Order of Genitive and Noun,2,Noun-Genitive,"Lederer-1969[605, 608]"
ger,German,87A,Order of Adjective and Noun,1,Adjective-Noun,Lederer-1969[604]
ger,German,88A,Order of Demonstrative and Noun,1,Demonstrative-Noun,Lederer-1969[604]
ger,German,89A,Order of Numeral and Noun,1,Numeral-Noun,Lederer-1969[604]
ger,German,90A,Order of Relative Clause and Noun,1,Noun-Relative clause,"Lederer-1969[604, 612-613]"
ger,German,90C,Postnominal relative clauses,1,Noun-Relative clause (NRel) dominant,"Lederer-1969[604, 612-613]"
ger,German,91A,Order of Degree Word and Adjective,1,Degree word-Adjective,Lederer-1969[618]
ger,German,92A,Position of Polar Question Particles,6,No question particle,Lederer-1969[479]
ger,German,93A,Position of Interrogative Phrases in Content Questions,1,Initial interrogative phrase,"Lederer-1969[209, 474]"
ger,German,94A,Order of Adverbial Subordinator and Clause,1,Initial subordinator word,Lederer-1969[412]
ger,German,95A,Relationship between the Order of Object and Verb and the Order of Adposition and Noun Phrase,5,Other,
ger,German,96A,Relationship between the Order of Object and Verb and the Order of Relative Clause and Noun,5,Other,
ger,German,97A,Relationship between the Order of Object and Verb and the Order of Adjective and Noun,5,Other,
ger,German,98A,Alignment of Case Marking of Full Noun Phrases,2,Nominative - accusative (standard),
ger,German,99A,Alignment of Case Marking of Pronouns,2,Nominative - accusative (standard),
ger,German,100A,Alignment of Verbal Person Marking,2,Accusative,Borgert-and-Nyhan-1975[367]
ger,German,101A,Expression of Pronominal Subjects,1,Obligatory pronouns in subject position,"Lederer-1969[46, 48]"
ger,German,102A,Verbal Person Marking,2,Only the A argument,"Borgert-and-Nyhan-1975[367, 370]"
ger,German,103A,Third Person Zero of Verbal Person Marking,2,No zero realization,"Borgert-and-Nyhan-1975[367, 370]"
ger,German,104A,Order of Person Markers on the Verb,1,A and P do not or do not both occur on the verb,"Borgert-and-Nyhan-1975[367, 370]"
ger,German,105A,Ditransitive Constructions: The Verb 'Give',1,Indirect-object construction,
ger,German,106A,Reciprocal Constructions,3,Mixed,Wiemer-and-Nedjalkov-2007
ger,German,107A,Passive Constructions,1,Present,Borgert-and-Nyhan-1975[378]
ger,German,108A,Antipassive Constructions,3,No antipassive,
ger,German,108B,Productivity of the Antipassive Construction,4,no antipassive,
ger,German,109A,Applicative Constructions,8,No applicative construction,
ger,German,109B,Other Roles of Applied Objects,5,No applicative construction,
ger,German,110A,Periphrastic Causative Constructions,1,Sequential but no purposive,Durrell-1992[93-95];Harbert-1977[passim]
ger,German,111A,Nonperiphrastic Causative Constructions,2,Morphological but no compound,Durrell-1992[93-95];Harbert-1977[passim]
ger,German,112A,Negative Morphemes,2,Negative particle,Lederer-1969[passim]
ger,German,113A,Symmetric and Asymmetric Standard Negation,1,Symmetric,
ger,German,114A,Subtypes of Asymmetric Standard Negation,7,Non-assignable,
ger,German,115A,Negative Indefinite Pronouns and Predicate Negation,2,No predicate negation,
ger,German,116A,Polar Questions,4,Interrogative word order,Lederer-1969[479]
ger,German,122A,Relativization on Subjects,1,Relative pronoun,
ger,German,123A,Relativization on Obliques,1,Relative pronoun,
ger,German,124A,'Want' Complement Subjects,1,Subject is left implicit,
ger,German,125A,Purpose Clauses,2,Balanced/deranked,
ger,German,126A,'When' Clauses,2,Balanced/deranked,
ger,German,127A,Reason Clauses,1,Balanced,
ger,German,143A,Order of Negative Morpheme and Verb,6,Type 1 / Type 2,Lederer-1969[583]
ger,German,143E,Preverbal Negative Morphemes,1,NegV,Lederer-1969[583]
ger,German,143F,Postverbal Negative Morphemes,1,VNeg,Lederer-1969[583]
ger,German,143G,Minor morphological means of signaling negation,4,None,Lederer-1969[583]
ger,German,144A,"Position of Negative Word With Respect to Subject, Object, and Verb",16,More than one position,Lederer-1969[583]
ger,German,144B,Position of negative words relative to beginning and end of clause and with respect to adjacency to verb,6,"End, not immed postverbal",Lederer-1969[583]
ger,German,144D,The Position of Negative Morphemes in SVO Languages,13,More than one construction,Lederer-1969[583]
ger,German,144E,Multiple Negative Constructions in SVO Languages,15,SVONeg/SONegV,Lederer-1969[583]
ger,German,144H,NegSVO Order,4,No NegSVO,Lederer-1969[583]
ger,German,144I,SNegVO Order,8,No SNegVO,Lederer-1969[583]
ger,German,144J,SVNegO Order,7,No SVNegO,Lederer-1969[583]
ger,German,144K,SVONeg Order,1,NoDoubleNeg,Lederer-1969[583]
ger,German,144L,The Position of Negative Morphemes in SOV Languages,15,More than one construction,Lederer-1969[583]
ger,German,144M,Multiple Negative Constructions in SOV Languages,9,SONegV/SVONeg,Lederer-1969[583]
ger,German,144P,NegSOV Order,4,No NegSOV,Lederer-1969[583]
ger,German,144Q,SNegOV Order,4,No SNegOV,Lederer-1969[583]
ger,German,144R,SONegV Order,1,Word&NoDoubleNeg,Lederer-1969[583]
ger,German,144S,SOVNeg Order,11,NoSOVNeg,Lederer-1969[583]
hin,Hindi,20A,Fusion of Selected Inflectional Formatives,1,Exclusively concatenative,Butt-1994;McGregor-1977;Sandahl-2000;Snell-and-Weightman-1989
hin,Hindi,21A,Exponence of Selected Inflectional Formatives,1,Monoexponential case,Butt-1994;McGregor-1977;Sandahl-2000;Snell-and-Weightman-1989
hin,Hindi,21B,Exponence of Tense-Aspect-Mood Inflection,2,TAM+agreement,McGregor-1977;Sandahl-2000;Snell-and-Weightman-1989;Butt-1994
hin,Hindi,22A,Inflectional Synthesis of the Verb,2,2-3 categories per word,Snell-and-Weightman-1989
hin,Hindi,23A,Locus of Marking in the Clause,3,Double marking,
hin,Hindi,24A,Locus of Marking in Possessive Noun Phrases,2,Dependent marking,
hin,Hindi,25A,Locus of Marking: Whole-language Typology,5,Inconsistent or other,
hin,Hindi,25B,Zero Marking of A and P Arguments,2,Non-zero marking,
hin,Hindi,26A,Prefixing vs. Suffixing in Inflectional Morphology,2,Strongly suffixing,McGregor-1995[passim]
hin,Hindi,27A,Reduplication,1,Productive full and partial reduplication,McGregor-1977
hin,Hindi,28A,Case Syncretism,3,Core and non-core,McGregor-1977
hin,Hindi,29A,Syncretism in Verbal Person/Number Marking,2,Syncretic,McGregor-1977
hin,Hindi,30A,Number of Genders,2,Two,McGregor-1995[1-3]
hin,Hindi,31A,Sex-based and Non-sex-based Gender Systems,2,Sex-based,McGregor-1995[1-3]
hin,Hindi,32A,Systems of Gender Assignment,3,Semantic and formal,McGregor-1995[1-3]
hin,Hindi,33A,Coding of Nominal Plurality,2,Plural suffix,McGregor-1977[1-2]
hin,Hindi,34A,Occurrence of Nominal Plurality,6,"All nouns, always obligatory",
hin,Hindi,35A,Plurality in Independent Personal Pronouns,4,Person-number stem,Kachru-1980[26-27]
hin,Hindi,36A,The Associative Plural,4,No associative plural,
hin,Hindi,37A,Definite Articles,5,No definite or indefinite article,McGregor-1977[3]
hin,Hindi,38A,Indefinite Articles,5,No definite or indefinite article,McGregor-1977[3]
hin,Hindi,39A,Inclusive/Exclusive Distinction in Independent Pronouns,3,No inclusive/exclusive,McGregor-1995[12]
hin,Hindi,40A,Inclusive/Exclusive Distinction in Verbal Inflection,1,No person marking,McGregor-1995[18 ff.]
hin,Hindi,43A,Third Person Pronouns and Demonstratives,2,Related for all demonstratives,McGregor-1995[12]
hin,Hindi,44A,Gender Distinctions in Independent Personal Pronouns,6,No gender distinctions,McGregor-1977[11]
hin,Hindi,45A,Politeness Distinctions in Pronouns,3,Multiple politeness distinctions,Sharma-and-Vermeer-1963[48]
hin,Hindi,46A,Indefinite Pronouns,3,Special,
hin,Hindi,47A,Intensifiers and Reflexive Pronouns,1,Identical,Davison-2000[402-08]
hin,Hindi,48A,Person Marking on Adpositions,2,No person marking,McGregor-1977[3]
hin,Hindi,51A,Position of Case Affixes,1,Case suffixes,McGregor-1977[1-2]
hin,Hindi,52A,Comitatives and Instrumentals,2,Differentiation,McGregor-1977
hin,Hindi,53A,Ordinal Numerals,6,"First, two-th, three-th",McGregor-1977[61-3]
hin,Hindi,54A,Distributive Numerals,2,Marked by reduplication,Abbi-1992[79]
hin,Hindi,55A,Numeral Classifiers,1,Absent,
hin,Hindi,56A,Conjunctions and Universal Quantifiers,3,"Formally similar, with interrogative",Emeneau-1980;Gil-1994b
hin,Hindi,58A,Obligatory Possessive Inflection,2,Absent,
hin,Hindi,58B,Number of Possessive Nouns,1,None reported,
hin,Hindi,59A,Possessive Classification,1,No possessive classification,
hin,Hindi,60A,"Genitives, Adjectives and Relative Clauses",6,Highly differentiated,
hin,Hindi,61A,Adjectives without Nouns,6,Marked by following word,
hin,Hindi,62A,Action Nominal Constructions,2,Possessive-Accusative,
hin,Hindi,63A,Noun Phrase Conjunction,1,'And' different from 'with',McGregor-1977
hin,Hindi,64A,Nominal and Verbal Conjunction,1,Identity,
hin,Hindi,65A,Perfective/Imperfective Aspect,1,Grammatical marking,Dahl-1985[168-169]
hin,Hindi,66A,The Past Tense,1,"Present, no remoteness distinctions",Dahl-1985[168-169]
hin,Hindi,67A,The Future Tense,1,Inflectional future exists,Dahl-1985[168-169]
hin,Hindi,68A,The Perfect,3,Other perfect,Dahl-1985[168-169]
hin,Hindi,69A,Position of Tense-Aspect Affixes,2,Tense-aspect suffixes,"McGregor-1977[16, 18, 27]"
hin,Hindi,70A,The Morphological Imperative,1,Second singular and second plural,McGregor-1992a[39-41];Kachru-1980[119]
hin,Hindi,71A,The Prohibitive,2,Normal imperative + special negative,McGregor-1992a[39-41];Kachru-1980[109-110]
hin,Hindi,72A,Imperative-Hortative Systems,4,Neither type of system,"McGregor-1992a[39-41, 130-132];Kachru-1980[119]"
hin,Hindi,73A,The Optative,2,Inflectional optative absent,McGregor-1977
hin,Hindi,74A,Situational Possibility,2,Verbal constructions,Kachru-1980[49-51]
hin,Hindi,75A,Epistemic Possibility,1,Verbal constructions,
hin,Hindi,76A,Overlap between Situational and Epistemic Modal Marking,2,Overlap for either possibility or necessity,Kachru-1980[48-51]
hin,Hindi,77A,Semantic Distinctions of Evidentiality,1,No grammatical evidentials,McGregor-1977
hin,Hindi,78A,Coding of Evidentiality,1,No grammatical evidentials,McGregor-1977
hin,Hindi,79A,Suppletion According to Tense and Aspect,3,Tense and aspect,"Harley-1944[11, 27]"
hin,Hindi,79B,Suppletion in Imperatives and Hortatives,5,None (= no suppletive imperatives reported in the reference material),
hin,Hindi,80A,Verbal Number and Suppletion,1,None,"Harley-1944[11, 27]"
hin,Hindi,81A,"Order of Subject, Object and Verb",1,SOV,McGregor-1977[4]
hin,Hindi,82A,Order of Subject and Verb,1,SV,McGregor-1977[4]
hin,Hindi,83A,Order of Object and Verb,1,OV,McGregor-1977[4]
hin,Hindi,85A,Order of Adposition and Noun Phrase,1,Postpositions,"McGregor-1977[3, 30-32, 49-52]"
hin,Hindi,86A,Order of Genitive and Noun,1,Genitive-Noun,"McGregor-1977[9, passim]"
hin,Hindi,87A,Order of Adjective and Noun,1,Adjective-Noun,McGregor-1977[7]
hin,Hindi,88A,Order of Demonstrative and Noun,1,Demonstrative-Noun,McGregor-1977[8]
hin,Hindi,89A,Order of Numeral and Noun,1,Numeral-Noun,"McGregor-1977[63, passim]"
hin,Hindi,90A,Order of Relative Clause and Noun,4,Correlative,"McGregor-1977[46-47, 82]"
hin,Hindi,90E,Correlative relative clauses,1,Correlative relative clause dominant,"McGregor-1977[46-47, 82]"
hin,Hindi,91A,Order of Degree Word and Adjective,1,Degree word-Adjective,"McGregor-1977[95, 147-148]"
hin,Hindi,92A,Position of Polar Question Particles,1,Initial,McGregor-1977[5]
hin,Hindi,93A,Position of Interrogative Phrases in Content Questions,2,Not initial interrogative phrase,McGregor-1977[4]
hin,Hindi,94A,Order of Adverbial Subordinator and Clause,1,Initial subordinator word,McGregor-1977[123-127]
hin,Hindi,95A,Relationship between the Order of Object and Verb and the Order of Adposition and Noun Phrase,1,OV and Postpositions,
hin,Hindi,96A,Relationship between the Order of Object and Verb and the Order of Relative Clause and Noun,5,Other,
hin,Hindi,97A,Relationship between the Order of Object and Verb and the Order of Adjective and Noun,1,OV and AdjN,
hin,Hindi,98A,Alignment of Case Marking of Full Noun Phrases,5,Tripartite,
hin,Hindi,99A,Alignment of Case Marking of Pronouns,5,Tripartite,
hin,Hindi,100A,Alignment of Verbal Person Marking,2,Accusative,McGregor-1977[16]
hin,Hindi,102A,Verbal Person Marking,2,Only the A argument,McGregor-1977[16]
hin,Hindi,103A,Third Person Zero of Verbal Person Marking,2,No zero realization,McGregor-1977[16]
hin,Hindi,104A,Order of Person Markers on the Verb,1,A and P do not or do not both occur on the verb,McGregor-1977[16]
hin,Hindi,105A,Ditransitive Constructions: The Verb 'Give',1,Indirect-object construction,
hin,Hindi,106A,Reciprocal Constructions,2,Distinct from reflexive,Davison-2000[431-432]
hin,Hindi,107A,Passive Constructions,1,Present,McGregor-1977[116]
hin,Hindi,108A,Antipassive Constructions,3,No antipassive,
hin,Hindi,108B,Productivity of the Antipassive Construction,4,no antipassive,
hin,Hindi,109A,Applicative Constructions,8,No applicative construction,McGregor-1995
hin,Hindi,109B,Other Roles of Applied Objects,5,No applicative construction,
hin,Hindi,110A,Periphrastic Causative Constructions,2,Purposive but no sequential,McGregor-1977[113-115]
hin,Hindi,111A,Nonperiphrastic Causative Constructions,2,Morphological but no compound,McGregor-1977[113-115]
hin,Hindi,112A,Negative Morphemes,2,Negative particle,McGregor-1977[passim]
hin,Hindi,113A,Symmetric and Asymmetric Standard Negation,3,Both,"McGregor-1977[18-19];Tikkanen-1991[116, passim]"
hin,Hindi,114A,Subtypes of Asymmetric Standard Negation,3,A/Cat,"McGregor-1977[18-19];Tikkanen-1991[116, passim]"
hin,Hindi,115A,Negative Indefinite Pronouns and Predicate Negation,1,Predicate negation also present,Haspelmath-1997[285]
hin,Hindi,116A,Polar Questions,1,Question particle,McGregor-1977[5]
hin,Hindi,117A,Predicative Possession,1,Locational,McGregor-1972
hin,Hindi,118A,Predicative Adjectives,2,Nonverbal encoding,McGregor-1977
hin,Hindi,119A,Nominal and Locational Predication,2,Identical,McGregor-1977
hin,Hindi,120A,Zero Copula for Predicate Nominals,1,Impossible,McGregor-1977
hin,Hindi,121A,Comparative Constructions,1,Locational,McGregor-1977
hin,Hindi,122A,Relativization on Subjects,2,Non-reduction,McGregor-1995
hin,Hindi,123A,Relativization on Obliques,2,Non-reduction,McGregor-1995
hin,Hindi,124A,'Want' Complement Subjects,1,Subject is left implicit,
hin,Hindi,126A,'When' Clauses,2,Balanced/deranked,"McGregor-1995[138-9, 174]"
hin,Hindi,127A,Reason Clauses,2,Balanced/deranked,McGregor-1995[139-40]
hin,Hindi,128A,Utterance Complement Clauses,1,Balanced,McGregor-1995[106-7]
hin,Hindi,143A,Order of Negative Morpheme and Verb,1,NegV,"McGregor-1977[18-19, 26, 58]"
hin,Hindi,143E,Preverbal Negative Morphemes,1,NegV,"McGregor-1977[18-19, 26, 58]"
hin,Hindi,143F,Postverbal Negative Morphemes,4,None,"McGregor-1977[18-19, 26, 58]"
hin,Hindi,143G,Minor morphological means of signaling negation,4,None,"McGregor-1977[18-19, 26, 58]"
hin,Hindi,144A,"Position of Negative Word With Respect to Subject, Object, and Verb",7,SONegV,"McGregor-1977[18, 58]"
hin,Hindi,144B,Position of negative words relative to beginning and end of clause and with respect to adjacency to verb,3,Immed preverbal,"McGregor-1977[18, 58]"
hin,Hindi,144L,The Position of Negative Morphemes in SOV Languages,3,SONegV,"McGregor-1977[18, 58]"
hin,Hindi,144P,NegSOV Order,4,No NegSOV,"McGregor-1977[18, 58]"
hin,Hindi,144Q,SNegOV Order,4,No SNegOV,"McGregor-1977[18, 58]"
hin,Hindi,144R,SONegV Order,1,Word&NoDoubleNeg,"McGregor-1977[18, 58]"
hin,Hindi,144S,SOVNeg Order,11,NoSOVNeg,"McGregor-1977[18, 58]"
ind,Indonesian,20A,Fusion of Selected Inflectional Formatives,2,Exclusively isolating,Macdonald-1976;Sneddon-1996b
ind,Indonesian,21A,Exponence of Selected Inflectional Formatives,5,No case,Macdonald-1976;Sneddon-1996b
ind,Indonesian,21B,Exponence of Tense-Aspect-Mood Inflection,1,monoexponential TAM,Sneddon-1996b;Macdonald-1976
ind,Indonesian,22A,Inflectional Synthesis of the Verb,3,4-5 categories per word,Macdonald-1976;Sneddon-1996b
ind,Indonesian,23A,Locus of Marking in the Clause,4,No marking,Sneddon-1996b
ind,Indonesian,24A,Locus of Marking in Possessive Noun Phrases,4,No marking,Sneddon-1996b
ind,Indonesian,25A,Locus of Marking: Whole-language Typology,4,Zero-marking,Sneddon-1996b
ind,Indonesian,25B,Zero Marking of A and P Arguments,1,Zero-marking,Sneddon-1996b
ind,Indonesian,26A,Prefixing vs. Suffixing in Inflectional Morphology,2,Strongly suffixing,Danusugondo-1975[passim];Echols-and-Shadily-1990[passim];Macdonald-1976[passim];Mintz-1994[passim];Sneddon-1996a[passim]
ind,Indonesian,27A,Reduplication,2,Full reduplication only,Sneddon-1996b
ind,Indonesian,28A,Case Syncretism,1,No case marking,Teselkin-and-Alieva-1960
ind,Indonesian,29A,Syncretism in Verbal Person/Number Marking,1,No subject person/number marking,Teselkin-and-Alieva-1960
ind,Indonesian,30A,Number of Genders,1,None,Sneddon-1996
ind,Indonesian,31A,Sex-based and Non-sex-based Gender Systems,1,No gender,Sneddon-1996
ind,Indonesian,32A,Systems of Gender Assignment,1,No gender,Sneddon-1996
ind,Indonesian,33A,Coding of Nominal Plurality,5,Plural complete reduplication,Sneddon-1996a[16]
ind,Indonesian,34A,Occurrence of Nominal Plurality,4,"All nouns, always optional",Sneddon-1996[16-8]
ind,Indonesian,35A,Plurality in Independent Personal Pronouns,4,Person-number stem,Sneddon-1996b[160-161]
ind,Indonesian,36A,The Associative Plural,3,Unique periphrastic associative plural,
ind,Indonesian,37A,Definite Articles,2,Demonstrative word used as definite article,"Macdonald-1976[85];Sneddon-1996a[130, 150];Danusugondo-1975[passim]"
ind,Indonesian,38A,Indefinite Articles,4,"No indefinite, but definite article","Macdonald-1976[85];Sneddon-1996a[130, 150]"
ind,Indonesian,39A,Inclusive/Exclusive Distinction in Independent Pronouns,5,Inclusive/exclusive,Sneddon-1996[160]
ind,Indonesian,40A,Inclusive/Exclusive Distinction in Verbal Inflection,1,No person marking,Sneddon-1996[60 ff.]
ind,Indonesian,41A,Distance Contrasts in Demonstratives,2,Two-way contrast,Sneddon-1996b[129]
ind,Indonesian,42A,Pronominal and Adnominal Demonstratives,1,Identical,Sneddon-1996b[160]
ind,Indonesian,43A,Third Person Pronouns and Demonstratives,1,Unrelated,Sneddon-1996[160]
ind,Indonesian,44A,Gender Distinctions in Independent Personal Pronouns,6,No gender distinctions,Sneddon-1996b[71-2]
ind,Indonesian,45A,Politeness Distinctions in Pronouns,4,Pronouns avoided for politeness,Sneddon-1996b[160-175]
ind,Indonesian,46A,Indefinite Pronouns,2,Generic-noun-based,Sneddon-1996[170]
ind,Indonesian,47A,Intensifiers and Reflexive Pronouns,1,Identical,"Sneddon-1996b[152, 205ff.]"
ind,Indonesian,48A,Person Marking on Adpositions,2,No person marking,"Sneddon-1996b[89, 98]"
ind,Indonesian,49A,Number of Cases,1,No morphological case-marking,Sneddon-1996[passim]
ind,Indonesian,50A,Asymmetrical Case-Marking,1,No case-marking,Sneddon-1996[passim]
ind,Indonesian,51A,Position of Case Affixes,9,No case affixes or adpositional clitics,Danusugondo-1975[passim]
ind,Indonesian,52A,Comitatives and Instrumentals,3,Mixed,"Krause-1994[40, 104]"
ind,Indonesian,53A,Ordinal Numerals,5,"First/one-th, two-th, three-th",Krause-1994[62-65]
ind,Indonesian,54A,Distributive Numerals,1,No distributive numerals,
ind,Indonesian,55A,Numeral Classifiers,2,Optional,
ind,Indonesian,56A,Conjunctions and Universal Quantifiers,3,"Formally similar, with interrogative",
ind,Indonesian,57A,Position of Pronominal Possessive Affixes,4,No possessive affixes,Sneddon-1996a[166]
ind,Indonesian,58A,Obligatory Possessive Inflection,2,Absent,Sneddon-1996b
ind,Indonesian,58B,Number of Possessive Nouns,1,None reported,Sneddon-1996b
ind,Indonesian,59A,Possessive Classification,1,No possessive classification,Sneddon-1996b
ind,Indonesian,60A,"Genitives, Adjectives and Relative Clauses",1,Weakly differentiated,
ind,Indonesian,61A,Adjectives without Nouns,5,Marked by preceding word,
ind,Indonesian,62A,Action Nominal Constructions,3,Ergative-Possessive,
ind,Indonesian,63A,Noun Phrase Conjunction,2,'And' identical to 'with',Kahler-1965
ind,Indonesian,64A,Nominal and Verbal Conjunction,1,Identity,Sneddon-1996[338-9]
ind,Indonesian,65A,Perfective/Imperfective Aspect,2,No grammatical marking,Dahl-1985[160]
ind,Indonesian,66A,The Past Tense,4,No past tense,Dahl-1985[160]
ind,Indonesian,67A,The Future Tense,2,No inflectional future,Dahl-1985[160]
ind,Indonesian,68A,The Perfect,2,"From 'finish', 'already'",Dahl-1985[160]
ind,Indonesian,69A,Position of Tense-Aspect Affixes,2,Tense-aspect suffixes,Sneddon-1996a[94]
ind,Indonesian,70A,The Morphological Imperative,5,No second-person imperatives,"Sneddon-1996a[324, passim];Salim-2001[422-423]"
ind,Indonesian,71A,The Prohibitive,2,Normal imperative + special negative,"Sneddon-1996a[195, 325];Salim-2001[432]"
ind,Indonesian,72A,Imperative-Hortative Systems,4,Neither type of system,"Sneddon-1996b[324, 332-4]"
ind,Indonesian,73A,The Optative,2,Inflectional optative absent,Sneddon-1996b
ind,Indonesian,74A,Situational Possibility,1,Affixes on verbs,Sneddon-1996b[116f.]
ind,Indonesian,75A,Epistemic Possibility,3,Other,
ind,Indonesian,76A,Overlap between Situational and Epistemic Modal Marking,3,No overlap,Sneddon-1996b[201-203]
ind,Indonesian,77A,Semantic Distinctions of Evidentiality,1,No grammatical evidentials,Roels-Sianturi-et-al-1990
ind,Indonesian,78A,Coding of Evidentiality,1,No grammatical evidentials,Roels-Sianturi-et-al-1990
ind,Indonesian,79A,Suppletion According to Tense and Aspect,4,None,Sneddon-1996b
ind,Indonesian,79B,Suppletion in Imperatives and Hortatives,5,None (= no suppletive imperatives reported in the reference material),
ind,Indonesian,80A,Verbal Number and Suppletion,1,None,Sneddon-1996b
ind,Indonesian,81A,"Order of Subject, Object and Verb",2,SVO,Macdonald-1976[141];Sneddon-1996a[256]
ind,Indonesian,82A,Order of Subject and Verb,1,SV,Macdonald-1976[141];Sneddon-1996a[256]
ind,Indonesian,83A,Order of Object and Verb,2,VO,Macdonald-1976[141];Sneddon-1996a[256]
ind,Indonesian,84A,"Order of Object, Oblique, and Verb",1,VOX,Sneddon-1996a[passim]
ind,Indonesian,85A,Order of Adposition and Noun Phrase,2,Prepositions,"Macdonald-1976[112-115];Sneddon-1996a[129, 189]"
ind,Indonesian,86A,Order of Genitive and Noun,2,Noun-Genitive,Macdonald-1976[87];Sneddon-1996a[144];Danusugondo-1975[passim]
ind,Indonesian,87A,Order of Adjective and Noun,2,Noun-Adjective,"Danusugondo-1975[20, 24];Macdonald-1976[88];Sneddon-1996a[146]"
ind,Indonesian,88A,Order of Demonstrative and Noun,2,Noun-Demonstrative,Macdonald-1976[89];Danusugondo-1975[passim]
ind,Indonesian,89A,Order of Numeral and Noun,1,Numeral-Noun,Macdonald-1976[86];Sneddon-1996a[132];Danusugondo-1975[passim]
ind,Indonesian,90A,Order of Relative Clause and Noun,1,Noun-Relative clause,"Macdonald-1976[89];Sneddon-1996a[148, 286ff];Danusugondo-1975[passim]"
ind,Indonesian,90C,Postnominal relative clauses,1,Noun-Relative clause (NRel) dominant,"Danusugondo-1975[passim];Macdonald-1976[89];Sneddon-1996a[148, 286ff]"
ind,Indonesian,91A,Order of Degree Word and Adjective,1,Degree word-Adjective,Macdonald-1976[103-104];Sneddon-1996a[177-181]
ind,Indonesian,92A,Position of Polar Question Particles,5,In either of two positions,"Danusugondo-1975[2-3, 12];Macdonald-1976[158];Sneddon-1996a[311, 320]"
ind,Indonesian,93A,Position of Interrogative Phrases in Content Questions,3,Mixed,Mintz-1994[114]
ind,Indonesian,94A,Order of Adverbial Subordinator and Clause,1,Initial subordinator word,Sneddon-1996a[341];Danusugondo-1975[passim 121ff]
ind,Indonesian,95A,Relationship between the Order of Object and Verb and the Order of Adposition and Noun Phrase,4,VO and Prepositions,
ind,Indonesian,96A,Relationship between the Order of Object and Verb and the Order of Relative Clause and Noun,4,VO and NRel,
ind,Indonesian,97A,Relationship between the Order of Object and Verb and the Order of Adjective and Noun,4,VO and NAdj,
ind,Indonesian,98A,Alignment of Case Marking of Full Noun Phrases,1,Neutral,Sneddon-1996b[241]
ind,Indonesian,99A,Alignment of Case Marking of Pronouns,1,Neutral,"Sneddon-1996b[241, 247]"
ind,Indonesian,100A,Alignment of Verbal Person Marking,2,Accusative,Sneddon-1996b[72]
ind,Indonesian,101A,Expression of Pronominal Subjects,1,Obligatory pronouns in subject position,Sneddon-1996a[passim]
ind,Indonesian,102A,Verbal Person Marking,3,Only the P argument,Sneddon-1996b[72]
ind,Indonesian,103A,Third Person Zero of Verbal Person Marking,2,No zero realization,Sneddon-1996b[72]
ind,Indonesian,104A,Order of Person Markers on the Verb,1,A and P do not or do not both occur on the verb,Sneddon-1996b[72]
ind,Indonesian,105A,Ditransitive Constructions: The Verb 'Give',4,Mixed,"Sneddon-1996[90, 240]"
ind,Indonesian,106A,Reciprocal Constructions,2,Distinct from reflexive,Ogloblin-and-Nedjalkov-2007
ind,Indonesian,107A,Passive Constructions,1,Present,Macdonald-1976[131]
ind,Indonesian,108A,Antipassive Constructions,3,No antipassive,Sneddon-1996
ind,Indonesian,108B,Productivity of the Antipassive Construction,4,no antipassive,Sneddon-1996b
ind,Indonesian,109A,Applicative Constructions,2,Benefactive object; only transitive,Chung-1976
ind,Indonesian,109B,Other Roles of Applied Objects,4,No other roles (= Only benefactive),
ind,Indonesian,110A,Periphrastic Causative Constructions,1,Sequential but no purposive,Sneddon-1996b[192-203]
ind,Indonesian,111A,Nonperiphrastic Causative Constructions,2,Morphological but no compound,Sneddon-1996b[192-203]
ind,Indonesian,112A,Negative Morphemes,4,"Negative word, unclear if verb or particle","Danusugondo-1975[91, 99]"
ind,Indonesian,113A,Symmetric and Asymmetric Standard Negation,1,Symmetric,Sneddon-1996b[195-205]
ind,Indonesian,114A,Subtypes of Asymmetric Standard Negation,7,Non-assignable,Sneddon-1996b[195-205]
ind,Indonesian,115A,Negative Indefinite Pronouns and Predicate Negation,1,Predicate negation also present,Sneddon-1996[173]
ind,Indonesian,116A,Polar Questions,1,Question particle,"Danusugondo-1975[2-3, 12];Macdonald-1976[158];Sneddon-1996a[311, 320]"
ind,Indonesian,117A,Predicative Possession,3,Topic,Steinhauer-2001
ind,Indonesian,118A,Predicative Adjectives,1,Verbal encoding,Steinhauer-2001
ind,Indonesian,119A,Nominal and Locational Predication,1,Different,Steinhauer-2001
ind,Indonesian,120A,Zero Copula for Predicate Nominals,2,Possible,Steinhauer-2001
ind,Indonesian,122A,Relativization on Subjects,4,Gap,Sneddon-1996b
ind,Indonesian,123A,Relativization on Obliques,4,Gap,Sneddon-1996b
ind,Indonesian,124A,'Want' Complement Subjects,1,Subject is left implicit,"Sneddon-1996[271, 275, 296]"
ind,Indonesian,125A,Purpose Clauses,1,Balanced,Sneddon-1996b[343]
ind,Indonesian,126A,'When' Clauses,1,Balanced,"Sneddon-1996[341, 347]"
ind,Indonesian,127A,Reason Clauses,1,Balanced,"Sneddon-1996[343, 347]"
ind,Indonesian,128A,Utterance Complement Clauses,1,Balanced,Sneddon-1996[292]
ind,Indonesian,143A,Order of Negative Morpheme and Verb,1,NegV,Danusugondo-1975[45];Macdonald-1976[99-100];Sneddon-1996a[195]
ind,Indonesian,143E,Preverbal Negative Morphemes,1,NegV,Danusugondo-1975[45];Macdonald-1976[99-100];Sneddon-1996a[195]
ind,Indonesian,143F,Postverbal Negative Morphemes,4,None,Danusugondo-1975[45];Macdonald-1976[99-100];Sneddon-1996a[195]
ind,Indonesian,143G,Minor morphological means of signaling negation,4,None,Danusugondo-1975[45];Macdonald-1976[99-100];Sneddon-1996a[195]
ind,Indonesian,144A,"Position of Negative Word With Respect to Subject, Object, and Verb",2,SNegVO,Macdonald-1976[99]
ind,Indonesian,144B,Position of negative words relative to beginning and end of clause and with respect to adjacency to verb,3,Immed preverbal,Macdonald-1976[99]
ind,Indonesian,144D,The Position of Negative Morphemes in SVO Languages,2,SNegVO,Macdonald-1976[99]
ind,Indonesian,144H,NegSVO Order,4,No NegSVO,Macdonald-1976[99]
ind,Indonesian,144I,SNegVO Order,1,Word&NoDoubleNeg,Macdonald-1976[99]
ind,Indonesian,144J,SVNegO Order,7,No SVNegO,Macdonald-1976[99]
ind,Indonesian,144K,SVONeg Order,4,No SVONeg,Macdonald-1976[99]
ita,Italian,26A,Prefixing vs. Suffixing in Inflectional Morphology,2,Strongly suffixing,Maiden-and-Robustelli-2000[passim];Sauer-1891[passim];Vincent-1988[passim]
ita,Italian,27A,Reduplication,3,No productive reduplication,Repetti-2001
ita,Italian,33A,Coding of Nominal Plurality,2,Plural suffix,Sauer-1891[12]
ita,Italian,34A,Occurrence of Nominal Plurality,6,"All nouns, always obligatory",
ita,Italian,36A,The Associative Plural,4,No associative plural,
ita,Italian,37A,Definite Articles,1,Definite word distinct from demonstrative,Sauer-1891[9-10]
ita,Italian,38A,Indefinite Articles,2,Indefinite word same as 'one',Sauer-1891[10]
ita,Italian,41A,Distance Contrasts in Demonstratives,2,Two-way contrast,Maiden-and-Robustelli-2000[80-4]
ita,Italian,42A,Pronominal and Adnominal Demonstratives,1,Identical,Maiden-and-Robustelli-2000[80-4]
ita,Italian,44A,Gender Distinctions in Independent Personal Pronouns,3,3rd person singular only,Lepschy-and-Lepschy-1988[116]
ita,Italian,45A,Politeness Distinctions in Pronouns,2,Binary politeness distinction,Schwarze-1988[288-290]
ita,Italian,46A,Indefinite Pronouns,2,Generic-noun-based,
ita,Italian,47A,Intensifiers and Reflexive Pronouns,2,Differentiated,Renzi-1988[595-603]
ita,Italian,48A,Person Marking on Adpositions,2,No person marking,"Lepschy-and-Lepschy-1988[103, 116]"
ita,Italian,49A,Number of Cases,1,No morphological case-marking,"Maiden-and-Robustelli-2000[93-98, 113-116]"
ita,Italian,50A,Asymmetrical Case-Marking,3,Additive-quantitatively asymmetrical,"Maiden-and-Robustelli-2000[93-98, 113-116]"
ita,Italian,51A,Position of Case Affixes,9,No case affixes or adpositional clitics,Vincent-1988[passim]
ita,Italian,52A,Comitatives and Instrumentals,1,Identity,Lausberg-1972
ita,Italian,53A,Ordinal Numerals,7,"First, second, three-th",Lausberg-1972[172-183]
ita,Italian,57A,Position of Pronominal Possessive Affixes,4,No possessive affixes,Vincent-1988[passim]
ita,Italian,64A,Nominal and Verbal Conjunction,1,Identity,
ita,Italian,69A,Position of Tense-Aspect Affixes,2,Tense-aspect suffixes,Maiden-and-Robustelli-2000[220-221]
ita,Italian,70A,The Morphological Imperative,2,Second singular,Maiden-and-Robustelli-2000[246-249]
ita,Italian,71A,The Prohibitive,3,Special imperative + normal negative,Maiden-and-Robustelli-2000[247-248]
ita,Italian,72A,Imperative-Hortative Systems,4,Neither type of system,
ita,Italian,74A,Situational Possibility,2,Verbal constructions,Maiden-and-Robustelli-2000[336-339]
ita,Italian,75A,Epistemic Possibility,1,Verbal constructions,Maiden-and-Robustelli-2000[336f.]
ita,Italian,76A,Overlap between Situational and Epistemic Modal Marking,1,Overlap for both possibility and necessity,Maiden-and-Robustelli-2000[336-339]
ita,Italian,81A,"Order of Subject, Object and Verb",2,SVO,Sauer-1891[301];Vincent-1988[305];Maiden-and-Robustelli-2000[354]
ita,Italian,82A,Order of Subject and Verb,3,No dominant order,Maiden-and-Robustelli-2000[354-355]
ita,Italian,83A,Order of Object and Verb,2,VO,Sauer-1891[301];Vincent-1988[305];Maiden-and-Robustelli-2000[354]
ita,Italian,85A,Order of Adposition and Noun Phrase,2,Prepositions,"Sauer-1891[21, 285-287]"
ita,Italian,86A,Order of Genitive and Noun,2,Noun-Genitive,Sauer-1891[passim]
ita,Italian,87A,Order of Adjective and Noun,2,Noun-Adjective,Maiden-and-Robustelli-2000[49];Sauer-1891[67];Vincent-1988[299]
ita,Italian,88A,Order of Demonstrative and Noun,1,Demonstrative-Noun,"Sauer-1891[19-20, 49-50];Maiden-and-Robustelli-2000[48]"
ita,Italian,89A,Order of Numeral and Noun,1,Numeral-Noun,Maiden-and-Robustelli-2000[189]
ita,Italian,90A,Order of Relative Clause and Noun,1,Noun-Relative clause,Maiden-and-Robustelli-2000[130ff]
ita,Italian,90C,Postnominal relative clauses,1,Noun-Relative clause (NRel) dominant,Maiden-and-Robustelli-2000[130ff]
ita,Italian,91A,Order of Degree Word and Adjective,1,Degree word-Adjective,Sauer-1891[72]
ita,Italian,92A,Position of Polar Question Particles,6,No question particle,Maiden-and-Robustelli-2000[147]
ita,Italian,94A,Order of Adverbial Subordinator and Clause,1,Initial subordinator word,Maiden-and-Robustelli-2000[421-427]
ita,Italian,95A,Relationship between the Order of Object and Verb and the Order of Adposition and Noun Phrase,4,VO and Prepositions,
ita,Italian,96A,Relationship between the Order of Object and Verb and the Order of Relative Clause and Noun,4,VO and NRel,
ita,Italian,97A,Relationship between the Order of Object and Verb and the Order of Adjective and Noun,4,VO and NAdj,
ita,Italian,100A,Alignment of Verbal Person Marking,2,Accusative,Lepschy-and-Lepschy-1988[133-39]
ita,Italian,101A,Expression of Pronominal Subjects,2,Subject affixes on verb,Maiden-and-Robustelli-2000[93]
ita,Italian,102A,Verbal Person Marking,2,Only the A argument,Lepschy-and-Lepschy-1988[133-39]
ita,Italian,103A,Third Person Zero of Verbal Person Marking,2,No zero realization,Lepschy-and-Lepschy-1988[133-39]
ita,Italian,104A,Order of Person Markers on the Verb,1,A and P do not or do not both occur on the verb,Lepschy-and-Lepschy-1988[133-39]
ita,Italian,105A,Ditransitive Constructions: The Verb 'Give',1,Indirect-object construction,
ita,Italian,107A,Passive Constructions,1,Present,Lepschy-and-Lepschy-1988[222]
ita,Italian,112A,Negative Morphemes,2,Negative particle,Sauer-1891[40];Maiden-and-Robustelli-2000[401]
ita,Italian,113A,Symmetric and Asymmetric Standard Negation,1,Symmetric,
ita,Italian,114A,Subtypes of Asymmetric Standard Negation,7,Non-assignable,
ita,Italian,115A,Negative Indefinite Pronouns and Predicate Negation,3,Mixed behaviour,Haspelmath-1997[263]
ita,Italian,116A,Polar Questions,6,Interrogative intonation only,Maiden-and-Robustelli-2000[147]
ita,Italian,122A,Relativization on Subjects,1,Relative pronoun,
ita,Italian,123A,Relativization on Obliques,1,Relative pronoun,
ita,Italian,125A,Purpose Clauses,3,Deranked,
ita,Italian,126A,'When' Clauses,2,Balanced/deranked,
ita,Italian,127A,Reason Clauses,2,Balanced/deranked,
ita,Italian,128A,Utterance Complement Clauses,2,Balanced/deranked,
ita,Italian,143A,Order of Negative Morpheme and Verb,1,NegV,Sauer-1891[40];Maiden-and-Robustelli-2000[401]
ita,Italian,143E,Preverbal Negative Morphemes,1,NegV,Sauer-1891[40];Maiden-and-Robustelli-2000[401]
ita,Italian,143F,Postverbal Negative Morphemes,4,None,Sauer-1891[40];Maiden-and-Robustelli-2000[401]
ita,Italian,143G,Minor morphological means of signaling negation,4,None,Sauer-1891[40];Maiden-and-Robustelli-2000[401]
ita,Italian,144A,"Position of Negative Word With Respect to Subject, Object, and Verb",2,SNegVO,Sauer-1891[40];Maiden-and-Robustelli-2000[401]
ita,Italian,144B,Position of negative words relative to beginning and end of clause and with respect to adjacency to verb,3,Immed preverbal,Sauer-1891[40];Maiden-and-Robustelli-2000[401]
ita,Italian,144D,The Position of Negative Morphemes in SVO Languages,2,SNegVO,Sauer-1891[40];Maiden-and-Robustelli-2000[401]
ita,Italian,144H,NegSVO Order,4,No NegSVO,Sauer-1891[40];Maiden-and-Robustelli-2000[401]
ita,Italian,144I,SNegVO Order,1,Word&NoDoubleNeg,Sauer-1891[40];Maiden-and-Robustelli-2000[401]
ita,Italian,144J,SVNegO Order,7,No SVNegO,Sauer-1891[40];Maiden-and-Robustelli-2000[401]
ita,Italian,144K,SVONeg Order,4,No SVONeg,Sauer-1891[40];Maiden-and-Robustelli-2000[401]
jpn,Japanese,20A,Fusion of Selected Inflectional Formatives,1,Exclusively concatenative,Hinds-1986;Kuno-1973;Shibatani-1990
jpn,Japanese,21A,Exponence of Selected Inflectional Formatives,1,Monoexponential case,Hinds-1986;Kuno-1973;Shibatani-1990
jpn,Japanese,21B,Exponence of Tense-Aspect-Mood Inflection,1,monoexponential TAM,Kuno-1973;Hinds-1986;Shibatani-1990
jpn,Japanese,22A,Inflectional Synthesis of the Verb,3,4-5 categories per word,Hinds-1986;Shibatani-1990
jpn,Japanese,23A,Locus of Marking in the Clause,2,Dependent marking,Hinds-1986;Shibatani-1990
jpn,Japanese,24A,Locus of Marking in Possessive Noun Phrases,2,Dependent marking,Hinds-1986;Shibatani-1990
jpn,Japanese,25A,Locus of Marking: Whole-language Typology,2,Dependent-marking,Hinds-1986;Shibatani-1990
jpn,Japanese,25B,Zero Marking of A and P Arguments,2,Non-zero marking,Hinds-1986;Shibatani-1990
jpn,Japanese,26A,Prefixing vs. Suffixing in Inflectional Morphology,2,Strongly suffixing,Hinds-1986[passim];Kim-1991[passim];Shibatani-1990[passim]
jpn,Japanese,27A,Reduplication,2,Full reduplication only,Vance-2001
jpn,Japanese,28A,Case Syncretism,1,No case marking,Hinds-1986
jpn,Japanese,29A,Syncretism in Verbal Person/Number Marking,1,No subject person/number marking,Hinds-1986
jpn,Japanese,33A,Coding of Nominal Plurality,2,Plural suffix,Hinds-1986[passim]
jpn,Japanese,34A,Occurrence of Nominal Plurality,2,"Only human nouns, optional",Hinds-1986[222]
jpn,Japanese,35A,Plurality in Independent Personal Pronouns,8,Person stem + nominal plural affix,Hinds-1986[222-225]
jpn,Japanese,36A,The Associative Plural,1,Associative same as additive plural,Downing-1996[203-204];Hinds-1986[222-223]
jpn,Japanese,37A,Definite Articles,4,"No definite, but indefinite article",Hinds-1986[82]
jpn,Japanese,38A,Indefinite Articles,1,Indefinite word distinct from 'one',Hinds-1986[82]
jpn,Japanese,39A,Inclusive/Exclusive Distinction in Independent Pronouns,3,No inclusive/exclusive,Martin-1991a[1078]
jpn,Japanese,40A,Inclusive/Exclusive Distinction in Verbal Inflection,1,No person marking,Martin-1991a[passim]
jpn,Japanese,41A,Distance Contrasts in Demonstratives,3,Three-way contrast,Kuno-1973[27]
jpn,Japanese,42A,Pronominal and Adnominal Demonstratives,3,Different inflection,
jpn,Japanese,43A,Third Person Pronouns and Demonstratives,1,Unrelated,Hinds-1986[109]
jpn,Japanese,44A,Gender Distinctions in Independent Personal Pronouns,2,"3rd person only, but also non-singular",Hinds-1986[251]
jpn,Japanese,45A,Politeness Distinctions in Pronouns,4,Pronouns avoided for politeness,Hinds-1986[238-265]
jpn,Japanese,46A,Indefinite Pronouns,1,Interrogative-based,Hinds-1986[359]
jpn,Japanese,47A,Intensifiers and Reflexive Pronouns,1,Identical,Tsujimura-1995[215-228]
jpn,Japanese,48A,Person Marking on Adpositions,2,No person marking,Hinds-1986[187]
jpn,Japanese,49A,Number of Cases,7,8-9 cases,"Kaiser-et-al-2001[110-115, 134-137, 144-152, 199-203, 225-232, 297-305, 321-328, 353-356, 363, 526-527, 611-613];Hinds-1986[191-222]"
jpn,Japanese,50A,Asymmetrical Case-Marking,2,Symmetrical,"Kaiser-et-al-2001[110-115, 134-137, 144-152, 199-203, 225-232, 297-305, 321-328, 353-356, 363, 526-527, 611-613];Hinds-1986[191-222]"
jpn,Japanese,51A,Position of Case Affixes,6,Postpositional clitics,Hinds-1986[passim]
jpn,Japanese,52A,Comitatives and Instrumentals,2,Differentiation,Lewin-et-al-1983[325]
jpn,Japanese,53A,Ordinal Numerals,4,"One-th, two-th, three-th",Lewin-et-al-1983[321-322]
jpn,Japanese,54A,Distributive Numerals,4,Marked by suffix,Gil-1991
jpn,Japanese,55A,Numeral Classifiers,3,Obligatory,
jpn,Japanese,56A,Conjunctions and Universal Quantifiers,3,"Formally similar, with interrogative",Fukushima-1991[373]
jpn,Japanese,57A,Position of Pronominal Possessive Affixes,4,No possessive affixes,Hinds-1986[passim]
jpn,Japanese,58A,Obligatory Possessive Inflection,2,Absent,Hinds-1986;Shibatani-1990
jpn,Japanese,58B,Number of Possessive Nouns,1,None reported,Hinds-1986;Shibatani-1990
jpn,Japanese,59A,Possessive Classification,1,No possessive classification,Hinds-1986;Shibatani-1990
jpn,Japanese,60A,"Genitives, Adjectives and Relative Clauses",2,Genitives and adjectives collapsed,
jpn,Japanese,61A,Adjectives without Nouns,7,Marked by mixed or other strategies,
jpn,Japanese,62A,Action Nominal Constructions,4,Double-Possessive,Martin-1975[869]
jpn,Japanese,63A,Noun Phrase Conjunction,2,'And' identical to 'with',Martin-1975
jpn,Japanese,64A,Nominal and Verbal Conjunction,2,Differentiation,"Hinds-1986[84-5, 93-4]"
jpn,Japanese,65A,Perfective/Imperfective Aspect,2,No grammatical marking,Dahl-1985[158]
jpn,Japanese,66A,The Past Tense,1,"Present, no remoteness distinctions",Dahl-1985[158]
jpn,Japanese,67A,The Future Tense,2,No inflectional future,Dahl-1985[158]
jpn,Japanese,68A,The Perfect,4,No perfect,Dahl-1985[158]
jpn,Japanese,69A,Position of Tense-Aspect Affixes,2,Tense-aspect suffixes,Hinds-1986[291ff]
jpn,Japanese,70A,The Morphological Imperative,4,Second person number-neutral,Alpatov-2001[106-108];Hinds-1986[312]
jpn,Japanese,71A,The Prohibitive,2,Normal imperative + special negative,Alpatov-2001[118-119];Sansom-1995[146-147]
jpn,Japanese,72A,Imperative-Hortative Systems,4,Neither type of system,Alpatov-2001[107-114]
jpn,Japanese,73A,The Optative,2,Inflectional optative absent,Hinds-1986
jpn,Japanese,74A,Situational Possibility,1,Affixes on verbs,Hinds-1986[317-319]
jpn,Japanese,75A,Epistemic Possibility,3,Other,Johnson-1994[77-85];Hinds-1986[320f.]
jpn,Japanese,76A,Overlap between Situational and Epistemic Modal Marking,2,Overlap for either possibility or necessity,"Johnson-1994[60, 70, 123];Hinds-1986[315-321]"
jpn,Japanese,77A,Semantic Distinctions of Evidentiality,2,Indirect only,Martin-1975[984]
jpn,Japanese,78A,Coding of Evidentiality,2,Verbal affix or clitic,Martin-1975[984]
jpn,Japanese,79A,Suppletion According to Tense and Aspect,4,None,Martin-1975
jpn,Japanese,79B,Suppletion in Imperatives and Hortatives,5,None (= no suppletive imperatives reported in the reference material),
jpn,Japanese,80A,Verbal Number and Suppletion,1,None,Martin-1975
jpn,Japanese,81A,"Order of Subject, Object and Verb",1,SOV,"Hinds-1986[75];Shibatani-1990[257, 259]"
jpn,Japanese,82A,Order of Subject and Verb,1,SV,"Hinds-1986[75];Shibatani-1990[257, 259]"
jpn,Japanese,83A,Order of Object and Verb,1,OV,"Hinds-1986[75];Shibatani-1990[257, 259]"
jpn,Japanese,84A,"Order of Object, Oblique, and Verb",3,XOV,Hinds-1986[75]
jpn,Japanese,85A,Order of Adposition and Noun Phrase,1,Postpositions,"Hinds-1986[80, 350]"
jpn,Japanese,86A,Order of Genitive and Noun,1,Genitive-Noun,Hinds-1986[136];Shibatani-1990[257]
jpn,Japanese,87A,Order of Adjective and Noun,1,Adjective-Noun,Hinds-1986[82];Shibatani-1990[257]
jpn,Japanese,88A,Order of Demonstrative and Noun,1,Demonstrative-Noun,"Hinds-1986[82, 137];Shibatani-1990[257]"
jpn,Japanese,89A,Order of Numeral and Noun,1,Numeral-Noun,Kim-1991;Hinds-1986[82-83];Shibatani-1990[257]
jpn,Japanese,90A,Order of Relative Clause and Noun,2,Relative clause-Noun,"Hinds-1986[59, 61];Shibatani-1990[257]"
jpn,Japanese,90B,Prenominal relative clauses,1,Relative clause-Noun (RelN) dominant,"Hinds-1986[59, 61];Shibatani-1990[257]"
jpn,Japanese,90D,Internally-headed relative clauses,6,Internally-headed occurs as nondominant type,"Hinds-1986[59, 61];Shibatani-1990[257]"
jpn,Japanese,91A,Order of Degree Word and Adjective,1,Degree word-Adjective,"Hinds-1986[76, 79, 80, 125]"
jpn,Japanese,92A,Position of Polar Question Particles,2,Final,Hinds-1986[7]
jpn,Japanese,93A,Position of Interrogative Phrases in Content Questions,2,Not initial interrogative phrase,"Hinds-1986[6, 27ff., 39];Shibatani-1990[257]"
jpn,Japanese,94A,Order of Adverbial Subordinator and Clause,2,Final subordinator word,"Hinds-1986[64, 67, 351]"
jpn,Japanese,95A,Relationship between the Order of Object and Verb and the Order of Adposition and Noun Phrase,1,OV and Postpositions,
jpn,Japanese,96A,Relationship between the Order of Object and Verb and the Order of Relative Clause and Noun,1,OV and RelN,
jpn,Japanese,97A,Relationship between the Order of Object and Verb and the Order of Adjective and Noun,1,OV and AdjN,
jpn,Japanese,98A,Alignment of Case Marking of Full Noun Phrases,2,Nominative - accusative (standard),
jpn,Japanese,99A,Alignment of Case Marking of Pronouns,2,Nominative - accusative (standard),
jpn,Japanese,100A,Alignment of Verbal Person Marking,1,Neutral,Hinds-1986[323]
jpn,Japanese,101A,Expression of Pronominal Subjects,5,Optional pronouns in subject position,"Hinds-1986[75, 108]"
jpn,Japanese,102A,Verbal Person Marking,1,No person marking,Hinds-1986[323]
jpn,Japanese,103A,Third Person Zero of Verbal Person Marking,1,No person marking,Hinds-1986[323]
jpn,Japanese,104A,Order of Person Markers on the Verb,1,A and P do not or do not both occur on the verb,Hinds-1986[323]
jpn,Japanese,105A,Ditransitive Constructions: The Verb 'Give',1,Indirect-object construction,Kuno-1973[129]
jpn,Japanese,106A,Reciprocal Constructions,2,Distinct from reflexive,Alpatov-and-Nedjalkov-2007
jpn,Japanese,107A,Passive Constructions,1,Present,Hinds-1986[273-280]
jpn,Japanese,108A,Antipassive Constructions,3,No antipassive,
jpn,Japanese,108B,Productivity of the Antipassive Construction,4,no antipassive,
jpn,Japanese,109A,Applicative Constructions,8,No applicative construction,
jpn,Japanese,109B,Other Roles of Applied Objects,5,No applicative construction,
jpn,Japanese,111A,Nonperiphrastic Causative Constructions,2,Morphological but no compound,Shibatani-1990[307-317]
jpn,Japanese,112A,Negative Morphemes,1,Negative affix,Hinds-1986[98]
jpn,Japanese,113A,Symmetric and Asymmetric Standard Negation,2,Asymmetric,Hinds-1986[97-100];Shibatani-1990[229-233]
jpn,Japanese,114A,Subtypes of Asymmetric Standard Negation,5,A/Fin and A/Cat,Hinds-1986[97-100];Shibatani-1990[229-233]
jpn,Japanese,115A,Negative Indefinite Pronouns and Predicate Negation,1,Predicate negation also present,Hinds-1986
jpn,Japanese,116A,Polar Questions,1,Question particle,Hinds-1986[7]
jpn,Japanese,117A,Predicative Possession,1,Locational,Martin-1975
jpn,Japanese,118A,Predicative Adjectives,3,Mixed,Martin-1975
jpn,Japanese,119A,Nominal and Locational Predication,1,Different,Martin-1975
jpn,Japanese,120A,Zero Copula for Predicate Nominals,1,Impossible,Martin-1975
jpn,Japanese,121A,Comparative Constructions,1,Locational,Kuno-1973
jpn,Japanese,122A,Relativization on Subjects,4,Gap,
jpn,Japanese,123A,Relativization on Obliques,4,Gap,
jpn,Japanese,124A,'Want' Complement Subjects,4,Desiderative verbal affix,Shibatani-1990[220]
jpn,Japanese,125A,Purpose Clauses,2,Balanced/deranked,"Hinds-1986[56-8, 65]"
jpn,Japanese,126A,'When' Clauses,2,Balanced/deranked,"Kuno-1973[184-94, 201-9]"
jpn,Japanese,127A,Reason Clauses,1,Balanced,Kuno-1973[153-75]
jpn,Japanese,128A,Utterance Complement Clauses,1,Balanced,"Kuno-1973[153-75, 213-22]"
jpn,Japanese,143A,Order of Negative Morpheme and Verb,4,[V-Neg],Hinds-1986[98]
jpn,Japanese,143E,Preverbal Negative Morphemes,4,None,Hinds-1986[98]
jpn,Japanese,143F,Postverbal Negative Morphemes,2,[V-Neg],Hinds-1986[98]
jpn,Japanese,143G,Minor morphological means of signaling negation,4,None,Hinds-1986[98]
jpn,Japanese,144A,"Position of Negative Word With Respect to Subject, Object, and Verb",20,MorphNeg,Hinds-1986[98]
jpn,Japanese,144L,The Position of Negative Morphemes in SOV Languages,6,SO[V-Neg],Hinds-1986[98]
jpn,Japanese,144P,NegSOV Order,4,No NegSOV,Hinds-1986[98]
jpn,Japanese,144Q,SNegOV Order,4,No SNegOV,Hinds-1986[98]
jpn,Japanese,144R,SONegV Order,8,No SONegV,Hinds-1986[98]
jpn,Japanese,144S,SOVNeg Order,2,Suffix&NoDoubleNeg,Hinds-1986[98]
kor,Korean,20A,Fusion of Selected Inflectional Formatives,1,Exclusively concatenative,Chang-1996;Martin-and-Lee-1969;Ramstedt-1968;Sohn-1994;Song-1988
kor,Korean,21A,Exponence of Selected Inflectional Formatives,1,Monoexponential case,Chang-1996;Martin-and-Lee-1969;Ramstedt-1968;Sohn-1994;Song-1988
kor,Korean,21B,Exponence of Tense-Aspect-Mood Inflection,1,monoexponential TAM,Chang-1996;Ramstedt-1968;Song-1988;Sohn-1994;Martin-and-Lee-1969
kor,Korean,22A,Inflectional Synthesis of the Verb,4,6-7 categories per word,Chang-1996;Song-1988
kor,Korean,23A,Locus of Marking in the Clause,2,Dependent marking,Chang-1996;Sohn-1994
kor,Korean,24A,Locus of Marking in Possessive Noun Phrases,2,Dependent marking,Chang-1996;Sohn-1994
kor,Korean,25A,Locus of Marking: Whole-language Typology,2,Dependent-marking,Chang-1996;Sohn-1994
kor,Korean,25B,Zero Marking of A and P Arguments,2,Non-zero marking,Chang-1996;Sohn-1994
kor,Korean,26A,Prefixing vs. Suffixing in Inflectional Morphology,2,Strongly suffixing,Ramstedt-1968[passim];Sohn-1999[passim]
kor,Korean,27A,Reduplication,1,Productive full and partial reduplication,Sohn-1999
kor,Korean,28A,Case Syncretism,1,No case marking,Sohn-1999
kor,Korean,29A,Syncretism in Verbal Person/Number Marking,1,No subject person/number marking,Sohn-1999
kor,Korean,33A,Coding of Nominal Plurality,2,Plural suffix,Sohn-1999[300]
kor,Korean,35A,Plurality in Independent Personal Pronouns,6,Person-number stem + nominal plural affix,Sohn-1994[281-287]
kor,Korean,36A,The Associative Plural,1,Associative same as additive plural,Sohn-1994[268-269]
kor,Korean,37A,Definite Articles,5,No definite or indefinite article,Sohn-1999[265]
kor,Korean,38A,Indefinite Articles,5,No definite or indefinite article,Sohn-1999[265]
kor,Korean,39A,Inclusive/Exclusive Distinction in Independent Pronouns,3,No inclusive/exclusive,Sohn-1994[283]
kor,Korean,40A,Inclusive/Exclusive Distinction in Verbal Inflection,1,No person marking,Sohn-1994[299 ff.]
kor,Korean,41A,Distance Contrasts in Demonstratives,3,Three-way contrast,Sohn-1994[294]
kor,Korean,42A,Pronominal and Adnominal Demonstratives,2,Different stem,Sohn-1994[294]
kor,Korean,43A,Third Person Pronouns and Demonstratives,1,Unrelated,Sohn-1999[107-8]
kor,Korean,44A,Gender Distinctions in Independent Personal Pronouns,3,3rd person singular only,Sohn-1994[287]
kor,Korean,45A,Politeness Distinctions in Pronouns,4,Pronouns avoided for politeness,Sohn-1999[207f 251f 407-413]
kor,Korean,46A,Indefinite Pronouns,1,Interrogative-based,Chang-1996[37-8]
kor,Korean,47A,Intensifiers and Reflexive Pronouns,1,Identical,Chang-1996[38-39]
kor,Korean,48A,Person Marking on Adpositions,2,No person marking,"Sohn-1994[106, 375]"
kor,Korean,49A,Number of Cases,6,6-7 cases,"Chang-1996[55-57];Lee-and-Ramsey-2000[143-160, 171];Sohn-1999[326-345]"
kor,Korean,50A,Asymmetrical Case-Marking,2,Symmetrical,"Chang-1996[55-57];Lee-and-Ramsey-2000[143-160, 171];Sohn-1999[326-345]"
kor,Korean,51A,Position of Case Affixes,1,Case suffixes,Ramstedt-1968[36]
kor,Korean,52A,Comitatives and Instrumentals,2,Differentiation,Sohn-1994
kor,Korean,53A,Ordinal Numerals,4,"One-th, two-th, three-th",Sohn-1994[380-384]
kor,Korean,54A,Distributive Numerals,4,Marked by suffix,Gil-1991
kor,Korean,55A,Numeral Classifiers,3,Obligatory,
kor,Korean,58A,Obligatory Possessive Inflection,2,Absent,Chang-1996;Sohn-1994
kor,Korean,58B,Number of Possessive Nouns,1,None reported,Chang-1996;Sohn-1994
kor,Korean,59A,Possessive Classification,1,No possessive classification,Chang-1996;Sohn-1994
kor,Korean,60A,"Genitives, Adjectives and Relative Clauses",6,Highly differentiated,
kor,Korean,61A,Adjectives without Nouns,6,Marked by following word,
kor,Korean,62A,Action Nominal Constructions,1,Sentential,Sohn-1994[243]
kor,Korean,63A,Noun Phrase Conjunction,1,'And' different from 'with',Lee-1989
kor,Korean,64A,Nominal and Verbal Conjunction,2,Differentiation,"Chang-1996[57, 137]"
kor,Korean,65A,Perfective/Imperfective Aspect,1,Grammatical marking,Lee-1991[261-269]
kor,Korean,66A,The Past Tense,1,"Present, no remoteness distinctions",Lee-1991[225]
kor,Korean,67A,The Future Tense,2,No inflectional future,Chang-1996;Lee-1991
kor,Korean,68A,The Perfect,4,No perfect,Lee-1991
kor,Korean,69A,Position of Tense-Aspect Affixes,2,Tense-aspect suffixes,Ramstedt-1968[61ff]
kor,Korean,70A,The Morphological Imperative,4,Second person number-neutral,Sohn-1994[42];Chang-1996[87]
kor,Korean,71A,The Prohibitive,2,Normal imperative + special negative,"Sohn-1994[43, 131];Chang-1996[101]"
kor,Korean,72A,Imperative-Hortative Systems,4,Neither type of system,"Sohn-1994[40, 42, 45, 344, p.c.]"
kor,Korean,73A,The Optative,2,Inflectional optative absent,Sohn-1994
kor,Korean,74A,Situational Possibility,3,Other kinds of markers,"Wymann-1996[75, 106-108]"
kor,Korean,75A,Epistemic Possibility,3,Other,"Wymann-1996[136, 145f.]"
kor,Korean,76A,Overlap between Situational and Epistemic Modal Marking,2,Overlap for either possibility or necessity,Wymann-1996[111-117]
kor,Korean,77A,Semantic Distinctions of Evidentiality,2,Indirect only,Chang-1996
kor,Korean,78A,Coding of Evidentiality,2,Verbal affix or clitic,Chang-1996
kor,Korean,79A,Suppletion According to Tense and Aspect,4,None,Sohn-1994
kor,Korean,79B,Suppletion in Imperatives and Hortatives,5,None (= no suppletive imperatives reported in the reference material),
kor,Korean,80A,Verbal Number and Suppletion,1,None,Sohn-1994
kor,Korean,81A,"Order of Subject, Object and Verb",1,SOV,Ramstedt-1968[184];Sohn-1999[293]
kor,Korean,82A,Order of Subject and Verb,1,SV,Ramstedt-1968[184];Sohn-1999[293]
kor,Korean,83A,Order of Object and Verb,1,OV,Ramstedt-1968[184];Sohn-1999[293]
kor,Korean,85A,Order of Adposition and Noun Phrase,1,Postpositions,Sohn-1999[213]
kor,Korean,86A,Order of Genitive and Noun,1,Genitive-Noun,"Ramstedt-1968[42];Sohn-1999[265, 293]"
kor,Korean,87A,Order of Adjective and Noun,1,Adjective-Noun,"Ramstedt-1968[34, 105, 185];Sohn-1999[265, 293]"
kor,Korean,88A,Order of Demonstrative and Noun,1,Demonstrative-Noun,"Ramstedt-1968[35, 48, 385]"
kor,Korean,89A,Order of Numeral and Noun,1,Numeral-Noun,"Ramstedt-1968[34-35, 54, 185]"
kor,Korean,90A,Order of Relative Clause and Noun,2,Relative clause-Noun,Sohn-1999[293]
kor,Korean,90B,Prenominal relative clauses,1,Relative clause-Noun (RelN) dominant,Sohn-1999[293]
kor,Korean,90D,Internally-headed relative clauses,6,Internally-headed occurs as nondominant type,Sohn-1999[293]
kor,Korean,91A,Order of Degree Word and Adjective,1,Degree word-Adjective,Sohn-1999[265]
kor,Korean,92A,Position of Polar Question Particles,6,No question particle,Ramstedt-1968[80];Sohn-1999[269]
kor,Korean,93A,Position of Interrogative Phrases in Content Questions,2,Not initial interrogative phrase,Sohn-1999[265]
kor,Korean,94A,Order of Adverbial Subordinator and Clause,2,Final subordinator word,
kor,Korean,95A,Relationship between the Order of Object and Verb and the Order of Adposition and Noun Phrase,1,OV and Postpositions,
kor,Korean,96A,Relationship between the Order of Object and Verb and the Order of Relative Clause and Noun,1,OV and RelN,
kor,Korean,97A,Relationship between the Order of Object and Verb and the Order of Adjective and Noun,1,OV and AdjN,
kor,Korean,98A,Alignment of Case Marking of Full Noun Phrases,2,Nominative - accusative (standard),"Sohn-1994[235, 302]"
kor,Korean,99A,Alignment of Case Marking of Pronouns,2,Nominative - accusative (standard),"Sohn-1994[82, 187, 282]"
kor,Korean,100A,Alignment of Verbal Person Marking,1,Neutral,Sohn-1994[358]
kor,Korean,101A,Expression of Pronominal Subjects,5,Optional pronouns in subject position,Sohn-1999[passim]
kor,Korean,102A,Verbal Person Marking,1,No person marking,Sohn-1994[358]
kor,Korean,103A,Third Person Zero of Verbal Person Marking,1,No person marking,Sohn-1994[358]
kor,Korean,104A,Order of Person Markers on the Verb,1,A and P do not or do not both occur on the verb,Sohn-1994[358]
kor,Korean,105A,Ditransitive Constructions: The Verb 'Give',1,Indirect-object construction,Chang-1996[93]
kor,Korean,106A,Reciprocal Constructions,2,Distinct from reflexive,Sohn-1994[164-166]
kor,Korean,107A,Passive Constructions,1,Present,"Sohn-1994[301, 306]"
kor,Korean,108A,Antipassive Constructions,3,No antipassive,
kor,Korean,108B,Productivity of the Antipassive Construction,4,no antipassive,
kor,Korean,109A,Applicative Constructions,8,No applicative construction,
kor,Korean,109B,Other Roles of Applied Objects,5,No applicative construction,
kor,Korean,110A,Periphrastic Causative Constructions,2,Purposive but no sequential,
kor,Korean,111A,Nonperiphrastic Causative Constructions,2,Morphological but no compound,
kor,Korean,112A,Negative Morphemes,2,Negative particle,Ramstedt-1968[passim]
kor,Korean,113A,Symmetric and Asymmetric Standard Negation,3,Both,Song-1988[72-75];Chang-1996[100-103]
kor,Korean,114A,Subtypes of Asymmetric Standard Negation,4,A/Fin and A/NonReal,Song-1988[72-75];Chang-1996[100-103]
kor,Korean,115A,Negative Indefinite Pronouns and Predicate Negation,1,Predicate negation also present,Chang-1996[105]
kor,Korean,116A,Polar Questions,2,Interrogative verb morphology,Ramstedt-1968[80];Sohn-1999[269]
kor,Korean,117A,Predicative Possession,1,Locational,Lizotte-1983
kor,Korean,118A,Predicative Adjectives,3,Mixed,Lee-1989
kor,Korean,119A,Nominal and Locational Predication,1,Different,Lee-1989
kor,Korean,120A,Zero Copula for Predicate Nominals,1,Impossible,Lee-1989
kor,Korean,121A,Comparative Constructions,1,Locational,Ramstedt-1968
kor,Korean,122A,Relativization on Subjects,4,Gap,Sohn-1994
kor,Korean,123A,Relativization on Obliques,4,Gap,Sohn-1994
kor,Korean,124A,'Want' Complement Subjects,1,Subject is left implicit,"Chang-1996[65, 126]"
kor,Korean,125A,Purpose Clauses,1,Balanced,Chang-1996[164-5]
kor,Korean,126A,'When' Clauses,1,Balanced,Chang-1996[152-4]
kor,Korean,127A,Reason Clauses,1,Balanced,Chang-1996[155-7]
kor,Korean,128A,Utterance Complement Clauses,1,Balanced,Chang-1996[145]
kor,Korean,143A,Order of Negative Morpheme and Verb,1,NegV,"Ramstedt-1968[104, 159];Sohn-1999[389]"
kor,Korean,143E,Preverbal Negative Morphemes,1,NegV,"Ramstedt-1968[104, 159];Sohn-1999[389]"
kor,Korean,143F,Postverbal Negative Morphemes,4,None,"Ramstedt-1968[104, 159];Sohn-1999[389]"
kor,Korean,143G,Minor morphological means of signaling negation,4,None,"Ramstedt-1968[104, 159];Sohn-1999[389]"
kor,Korean,144A,"Position of Negative Word With Respect to Subject, Object, and Verb",7,SONegV,
kor,Korean,144B,Position of negative words relative to beginning and end of clause and with respect to adjacency to verb,3,Immed preverbal,
kor,Korean,144L,The Position of Negative Morphemes in SOV Languages,3,SONegV,
kor,Korean,144P,NegSOV Order,4,No NegSOV,
kor,Korean,144Q,SNegOV Order,4,No SNegOV,
kor,Korean,144R,SONegV Order,1,Word&NoDoubleNeg,
kor,Korean,144S,SOVNeg Order,11,NoSOVNeg,
mnd,Mandarin,20A,Fusion of Selected Inflectional Formatives,7,Isolating/concatenative,Bisang-1991;Bisang-1992;Li-and-Thompson-1981
mnd,Mandarin,21A,Exponence of Selected Inflectional Formatives,1,Monoexponential case,Bisang-1991;Bisang-1992;Li-and-Thompson-1981
mnd,Mandarin,21B,Exponence of Tense-Aspect-Mood Inflection,1,monoexponential TAM,Li-and-Thompson-1981;Bisang-1991;Bisang-1992
mnd,Mandarin,22A,Inflectional Synthesis of the Verb,1,0-1 category per word,Li-and-Thompson-1981
mnd,Mandarin,23A,Locus of Marking in the Clause,2,Dependent marking,Li-and-Thompson-1981
mnd,Mandarin,24A,Locus of Marking in Possessive Noun Phrases,2,Dependent marking,Li-and-Thompson-1981
mnd,Mandarin,25A,Locus of Marking: Whole-language Typology,2,Dependent-marking,Li-and-Thompson-1981
mnd,Mandarin,25B,Zero Marking of A and P Arguments,2,Non-zero marking,Li-and-Thompson-1981
mnd,Mandarin,26A,Prefixing vs. Suffixing in Inflectional Morphology,2,Strongly suffixing,Li-and-Thompson-1981[passim]
mnd,Mandarin,27A,Reduplication,1,Productive full and partial reduplication,Zhu-2001
mnd,Mandarin,28A,Case Syncretism,1,No case marking,
mnd,Mandarin,29A,Syncretism in Verbal Person/Number Marking,1,No subject person/number marking,
mnd,Mandarin,30A,Number of Genders,1,None,Li-and-Thompson-1981
mnd,Mandarin,31A,Sex-based and Non-sex-based Gender Systems,1,No gender,Li-and-Thompson-1981
mnd,Mandarin,32A,Systems of Gender Assignment,1,No gender,Li-and-Thompson-1981
mnd,Mandarin,33A,Coding of Nominal Plurality,2,Plural suffix,"Li-and-Thompson-1981[12, 40]"
mnd,Mandarin,34A,Occurrence of Nominal Plurality,2,"Only human nouns, optional",Li-and-Thompson-1981[40]
mnd,Mandarin,35A,Plurality in Independent Personal Pronouns,8,Person stem + nominal plural affix,"Li-and-Thompson-1981[40-41, 134]"
mnd,Mandarin,36A,The Associative Plural,3,Unique periphrastic associative plural,Chao-1968[635-636]
mnd,Mandarin,39A,Inclusive/Exclusive Distinction in Independent Pronouns,5,Inclusive/exclusive,Chao-1968[637]
mnd,Mandarin,40A,Inclusive/Exclusive Distinction in Verbal Inflection,1,No person marking,Chao-1968[passim]
mnd,Mandarin,41A,Distance Contrasts in Demonstratives,2,Two-way contrast,Chao-1968[565]
mnd,Mandarin,42A,Pronominal and Adnominal Demonstratives,1,Identical,Chao-1968[565]
mnd,Mandarin,43A,Third Person Pronouns and Demonstratives,6,Related for non-human reference,"Li-and-Thompson-1981[130, 134]"
mnd,Mandarin,44A,Gender Distinctions in Independent Personal Pronouns,3,3rd person singular only,Li-and-Thompson-1981[132]
mnd,Mandarin,45A,Politeness Distinctions in Pronouns,2,Binary politeness distinction,Li-and-Thompson-1981[134]
mnd,Mandarin,46A,Indefinite Pronouns,4,Mixed,Chappell-1994[111-3]
mnd,Mandarin,47A,Intensifiers and Reflexive Pronouns,1,Identical,Hole-1998[256-275]
mnd,Mandarin,48A,Person Marking on Adpositions,2,No person marking,Li-and-Thompson-1981[24]
mnd,Mandarin,49A,Number of Cases,1,No morphological case-marking,Li-and-Thompson-1981[passim]
mnd,Mandarin,50A,Asymmetrical Case-Marking,1,No case-marking,Li-and-Thompson-1981[passim]
mnd,Mandarin,51A,Position of Case Affixes,9,No case affixes or adpositional clitics,Li-and-Thompson-1981[passim]
mnd,Mandarin,52A,Comitatives and Instrumentals,2,Differentiation,Stolz-1996[196]
mnd,Mandarin,53A,Ordinal Numerals,4,"One-th, two-th, three-th",Li-and-Thompson-1981
mnd,Mandarin,54A,Distributive Numerals,1,No distributive numerals,
mnd,Mandarin,55A,Numeral Classifiers,3,Obligatory,
mnd,Mandarin,56A,Conjunctions and Universal Quantifiers,3,"Formally similar, with interrogative",
mnd,Mandarin,57A,Position of Pronominal Possessive Affixes,4,No possessive affixes,Li-and-Thompson-1981[passim]
mnd,Mandarin,58A,Obligatory Possessive Inflection,2,Absent,Li-and-Thompson-1981
mnd,Mandarin,58B,Number of Possessive Nouns,1,None reported,Li-and-Thompson-1981
mnd,Mandarin,59A,Possessive Classification,1,No possessive classification,Li-and-Thompson-1981
mnd,Mandarin,60A,"Genitives, Adjectives and Relative Clauses",1,Weakly differentiated,
mnd,Mandarin,61A,Adjectives without Nouns,6,Marked by following word,
mnd,Mandarin,62A,Action Nominal Constructions,8,No action nominals,
mnd,Mandarin,63A,Noun Phrase Conjunction,2,'And' identical to 'with',Li-and-Thompson-1981
mnd,Mandarin,64A,Nominal and Verbal Conjunction,2,Differentiation,Chappell-1994;Li-and-Thompson-1981
mnd,Mandarin,65A,Perfective/Imperfective Aspect,1,Grammatical marking,Dahl-1985[180]
mnd,Mandarin,66A,The Past Tense,4,No past tense,Dahl-1985[180]
mnd,Mandarin,67A,The Future Tense,2,No inflectional future,Dahl-1985[180]
mnd,Mandarin,68A,The Perfect,4,No perfect,Dahl-1985[180]
mnd,Mandarin,69A,Position of Tense-Aspect Affixes,2,Tense-aspect suffixes,Li-and-Thompson-1981[13]
mnd,Mandarin,70A,The Morphological Imperative,5,No second-person imperatives,Li-and-Thompson-1981[451-452]
mnd,Mandarin,71A,The Prohibitive,2,Normal imperative + special negative,Li-and-Thompson-1981[455-456]
mnd,Mandarin,72A,Imperative-Hortative Systems,4,Neither type of system,"Li-and-Thompson-1981[451-452, 455-462]"
mnd,Mandarin,73A,The Optative,2,Inflectional optative absent,Li-and-Thompson-1981
mnd,Mandarin,74A,Situational Possibility,2,Verbal constructions,"Li-and-Thompson-1981[56f., 172-183]"
mnd,Mandarin,75A,Epistemic Possibility,1,Verbal constructions,Li-and-Thompson-1981[179]
mnd,Mandarin,76A,Overlap between Situational and Epistemic Modal Marking,1,Overlap for both possibility and necessity,"Li-and-Thompson-1981[56f., 172ff., 179-183]"
mnd,Mandarin,77A,Semantic Distinctions of Evidentiality,1,No grammatical evidentials,Li-and-Thompson-1981
mnd,Mandarin,78A,Coding of Evidentiality,1,No grammatical evidentials,Li-and-Thompson-1981
mnd,Mandarin,79A,Suppletion According to Tense and Aspect,4,None,Li-and-Thompson-1981
mnd,Mandarin,79B,Suppletion in Imperatives and Hortatives,5,None (= no suppletive imperatives reported in the reference material),
mnd,Mandarin,80A,Verbal Number and Suppletion,1,None,Li-and-Thompson-1981
mnd,Mandarin,81A,"Order of Subject, Object and Verb",2,SVO,Li-and-Thompson-1981[26]
mnd,Mandarin,82A,Order of Subject and Verb,1,SV,Li-and-Thompson-1981[26]
mnd,Mandarin,83A,Order of Object and Verb,2,VO,Li-and-Thompson-1981[26]
mnd,Mandarin,84A,"Order of Object, Oblique, and Verb",2,XVO,Li-and-Thompson-1981[24]
mnd,Mandarin,85A,Order of Adposition and Noun Phrase,4,No dominant order,Li-and-Thompson-1981[passim]
mnd,Mandarin,86A,Order of Genitive and Noun,1,Genitive-Noun,Li-and-Thompson-1981[24]
mnd,Mandarin,87A,Order of Adjective and Noun,1,Adjective-Noun,"Li-and-Thompson-1981[116, 124]"
mnd,Mandarin,88A,Order of Demonstrative and Noun,1,Demonstrative-Noun,Li-and-Thompson-1981[104]
mnd,Mandarin,89A,Order of Numeral and Noun,1,Numeral-Noun,Li-and-Thompson-1981[104]
mnd,Mandarin,90A,Order of Relative Clause and Noun,2,Relative clause-Noun,Li-and-Thompson-1981[124]
mnd,Mandarin,90B,Prenominal relative clauses,1,Relative clause-Noun (RelN) dominant,Li-and-Thompson-1981[124]
mnd,Mandarin,91A,Order of Degree Word and Adjective,1,Degree word-Adjective,Li-and-Thompson-1981[passim]
mnd,Mandarin,92A,Position of Polar Question Particles,2,Final,Li-and-Thompson-1981[547]
mnd,Mandarin,93A,Position of Interrogative Phrases in Content Questions,2,Not initial interrogative phrase,Li-and-Thompson-1981[522]
mnd,Mandarin,95A,Relationship between the Order of Object and Verb and the Order of Adposition and Noun Phrase,5,Other,
mnd,Mandarin,96A,Relationship between the Order of Object and Verb and the Order of Relative Clause and Noun,3,VO and RelN,
mnd,Mandarin,97A,Relationship between the Order of Object and Verb and the Order of Adjective and Noun,3,VO and AdjN,
mnd,Mandarin,98A,Alignment of Case Marking of Full Noun Phrases,1,Neutral,"Li-and-Thompson-1981[20, 157]"
mnd,Mandarin,99A,Alignment of Case Marking of Pronouns,1,Neutral,"Li-and-Thompson-1981[23, 155]"
mnd,Mandarin,100A,Alignment of Verbal Person Marking,1,Neutral,Norman-1988[161-167]
mnd,Mandarin,101A,Expression of Pronominal Subjects,5,Optional pronouns in subject position,Li-and-Thompson-1981[657ff]
mnd,Mandarin,102A,Verbal Person Marking,1,No person marking,Li-and-Thompson-1981[161-167]
mnd,Mandarin,103A,Third Person Zero of Verbal Person Marking,1,No person marking,Li-and-Thompson-1981[161-67]
mnd,Mandarin,104A,Order of Person Markers on the Verb,1,A and P do not or do not both occur on the verb,Norman-1988[161-167]
mnd,Mandarin,105A,Ditransitive Constructions: The Verb 'Give',4,Mixed,Li-and-Thompson-1981[375-8]
mnd,Mandarin,106A,Reciprocal Constructions,2,Distinct from reflexive,Hoa-et-al-2007
mnd,Mandarin,107A,Passive Constructions,1,Present,Li-and-Thompson-1981[492-500]
mnd,Mandarin,108A,Antipassive Constructions,3,No antipassive,Li-and-Thompson-1981
mnd,Mandarin,108B,Productivity of the Antipassive Construction,4,no antipassive,Li-and-Thompson-1981
mnd,Mandarin,109A,Applicative Constructions,8,No applicative construction,Li-and-Thompson-1981
mnd,Mandarin,109B,Other Roles of Applied Objects,5,No applicative construction,
mnd,Mandarin,111A,Nonperiphrastic Causative Constructions,3,Compound but no morphological,Li-and-Thompson-1976[480]
mnd,Mandarin,112A,Negative Morphemes,2,Negative particle,"Li-and-Thompson-1981[415ff., 182-183]"
mnd,Mandarin,113A,Symmetric and Asymmetric Standard Negation,3,Both,"Wiedenhof-1994[95-106];Lin-2001[174-176, passim]"
mnd,Mandarin,114A,Subtypes of Asymmetric Standard Negation,1,A/Fin,"Wiedenhof-1994[95-106];Lin-2001[174-176, passim]"
mnd,Mandarin,115A,Negative Indefinite Pronouns and Predicate Negation,1,Predicate negation also present,Li-and-Thompson-1981[529]
mnd,Mandarin,116A,Polar Questions,1,Question particle,Li-and-Thompson-1981[547]
mnd,Mandarin,117A,Predicative Possession,3,Topic,Li-and-Thompson-1981
mnd,Mandarin,118A,Predicative Adjectives,1,Verbal encoding,Li-and-Thompson-1981
mnd,Mandarin,119A,Nominal and Locational Predication,1,Different,Li-and-Thompson-1981
mnd,Mandarin,120A,Zero Copula for Predicate Nominals,1,Impossible,Li-and-Thompson-1981
mnd,Mandarin,121A,Comparative Constructions,2,Exceed,Li-and-Thompson-1981
mnd,Mandarin,122A,Relativization on Subjects,4,Gap,Li-and-Thompson-1981
mnd,Mandarin,123A,Relativization on Obliques,4,Gap,Li-and-Thompson-1981
mnd,Mandarin,124A,'Want' Complement Subjects,1,Subject is left implicit,Li-and-Thompson-1981[598]
mnd,Mandarin,125A,Purpose Clauses,1,Balanced,"Li-and-Thompson-1981[595-8, 651-6]"
mnd,Mandarin,126A,'When' Clauses,1,Balanced,"Li-and-Thompson-1981[595-8, 640-1]"
mnd,Mandarin,127A,Reason Clauses,1,Balanced,Li-and-Thompson-1981[651-6]
mnd,Mandarin,128A,Utterance Complement Clauses,1,Balanced,"Li-and-Thompson-1981[172-83, 598-611]"
mnd,Mandarin,143A,Order of Negative Morpheme and Verb,1,NegV,Li-and-Thompson-1981[417]
mnd,Mandarin,143E,Preverbal Negative Morphemes,1,NegV,Li-and-Thompson-1981[417]
mnd,Mandarin,143F,Postverbal Negative Morphemes,4,None,Li-and-Thompson-1981[417]
mnd,Mandarin,143G,Minor morphological means of signaling negation,4,None,Li-and-Thompson-1981[417]
mnd,Mandarin,144A,"Position of Negative Word With Respect to Subject, Object, and Verb",2,SNegVO,
mnd,Mandarin,144B,Position of negative words relative to beginning and end of clause and with respect to adjacency to verb,3,Immed preverbal,
mnd,Mandarin,144D,The Position of Negative Morphemes in SVO Languages,2,SNegVO,
mnd,Mandarin,144H,NegSVO Order,4,No NegSVO,
mnd,Mandarin,144I,SNegVO Order,1,Word&NoDoubleNeg,
mnd,Mandarin,144J,SVNegO Order,7,No SVNegO,
mnd,Mandarin,144K,SVONeg Order,4,No SVONeg,
por,Portuguese,26A,Prefixing vs. Suffixing in Inflectional Morphology,2,Strongly suffixing,Hutchinson-and-Lloyd-1996[passim];Parkinson-1988[passim]
por,Portuguese,27A,Reduplication,3,No productive reduplication,Schmitt-2001
por,Portuguese,33A,Coding of Nominal Plurality,2,Plural suffix,Hutchinson-and-Lloyd-1996[12]
por,Portuguese,34A,Occurrence of Nominal Plurality,6,"All nouns, always obligatory",Parkinson-1988
por,Portuguese,36A,The Associative Plural,4,No associative plural,
por,Portuguese,37A,Definite Articles,1,Definite word distinct from demonstrative,"Parkinson-1988[147, 159]"
por,Portuguese,38A,Indefinite Articles,2,Indefinite word same as 'one',"Parkinson-1988[147, 159]"
por,Portuguese,45A,Politeness Distinctions in Pronouns,2,Binary politeness distinction,Muhlhausler-and-Harre-1990[145-150]
por,Portuguese,46A,Indefinite Pronouns,4,Mixed,Haspelmath-1997[257]
por,Portuguese,47A,Intensifiers and Reflexive Pronouns,2,Differentiated,Gartner-1998[245-258]
por,Portuguese,51A,Position of Case Affixes,9,No case affixes or adpositional clitics,Parkinson-1988[passim]
por,Portuguese,52A,Comitatives and Instrumentals,1,Identity,Lausberg-1972
por,Portuguese,53A,Ordinal Numerals,7,"First, second, three-th",Lausberg-1972[172-183]
por,Portuguese,65A,Perfective/Imperfective Aspect,1,Grammatical marking,Dahl-1985[171-172]
por,Portuguese,66A,The Past Tense,1,"Present, no remoteness distinctions",Dahl-1985[171-172]
por,Portuguese,67A,The Future Tense,2,No inflectional future,Dahl-1985[171-172]
por,Portuguese,68A,The Perfect,4,No perfect,Dahl-1985[171-172]
por,Portuguese,69A,Position of Tense-Aspect Affixes,2,Tense-aspect suffixes,Parkinson-1988[56-63]
por,Portuguese,70A,The Morphological Imperative,2,Second singular,
por,Portuguese,71A,The Prohibitive,3,Special imperative + normal negative,
por,Portuguese,72A,Imperative-Hortative Systems,4,Neither type of system,
por,Portuguese,74A,Situational Possibility,2,Verbal constructions,Gartner-1998[46]
por,Portuguese,75A,Epistemic Possibility,1,Verbal constructions,Gartner-1998[46]
por,Portuguese,76A,Overlap between Situational and Epistemic Modal Marking,1,Overlap for both possibility and necessity,Gartner-1998[42-46]
por,Portuguese,81A,"Order of Subject, Object and Verb",2,SVO,Parkinson-1988[156]
por,Portuguese,82A,Order of Subject and Verb,1,SV,Parkinson-1988[157]
por,Portuguese,83A,Order of Object and Verb,2,VO,Parkinson-1988[156]
por,Portuguese,85A,Order of Adposition and Noun Phrase,2,Prepositions,Hutchinson-and-Lloyd-1996[90]
por,Portuguese,86A,Order of Genitive and Noun,2,Noun-Genitive,Parkinson-1988[157]
por,Portuguese,87A,Order of Adjective and Noun,2,Noun-Adjective,"Parkinson-1988[157, 159]"
por,Portuguese,88A,Order of Demonstrative and Noun,1,Demonstrative-Noun,Parkinson-1988[159]
por,Portuguese,90A,Order of Relative Clause and Noun,1,Noun-Relative clause,Parkinson-1988[157]
por,Portuguese,90C,Postnominal relative clauses,1,Noun-Relative clause (NRel) dominant,Parkinson-1988[157]
por,Portuguese,91A,Order of Degree Word and Adjective,1,Degree word-Adjective,Hutchinson-and-Lloyd-1996[97]
por,Portuguese,92A,Position of Polar Question Particles,1,Initial,Parkinson-1988[158]
por,Portuguese,95A,Relationship between the Order of Object and Verb and the Order of Adposition and Noun Phrase,4,VO and Prepositions,
por,Portuguese,96A,Relationship between the Order of Object and Verb and the Order of Relative Clause and Noun,4,VO and NRel,
por,Portuguese,97A,Relationship between the Order of Object and Verb and the Order of Adjective and Noun,4,VO and NAdj,
por,Portuguese,101A,Expression of Pronominal Subjects,2,Subject affixes on verb,Hutchinson-and-Lloyd-1996[35]
por,Portuguese,112A,Negative Morphemes,2,Negative particle,Parkinson-1988[passim]
por,Portuguese,115A,Negative Indefinite Pronouns and Predicate Negation,3,Mixed behaviour,Haspelmath-1997[257]
por,Portuguese,116A,Polar Questions,1,Question particle,Parkinson-1988[158]
por,Portuguese,143A,Order of Negative Morpheme and Verb,1,NegV,Parkinson-1988[158]
por,Portuguese,143E,Preverbal Negative Morphemes,1,NegV,Parkinson-1988[158]
por,Portuguese,143F,Postverbal Negative Morphemes,4,None,Parkinson-1988[158]
por,Portuguese,143G,Minor morphological means of signaling negation,4,None,Parkinson-1988[158]
por,Portuguese,144A,"Position of Negative Word With Respect to Subject, Object, and Verb",2,SNegVO,Parkinson-1988[158]
por,Portuguese,144B,Position of negative words relative to beginning and end of clause and with respect to adjacency to verb,3,Immed preverbal,Parkinson-1988[158]
por,Portuguese,144D,The Position of Negative Morphemes in SVO Languages,2,SNegVO,Parkinson-1988[158]
por,Portuguese,144H,NegSVO Order,4,No NegSVO,Parkinson-1988[158]
por,Portuguese,144I,SNegVO Order,1,Word&NoDoubleNeg,Parkinson-1988[158]
por,Portuguese,144J,SVNegO Order,7,No SVNegO,Parkinson-1988[158]
por,Portuguese,144K,SVONeg Order,4,No SVONeg,Parkinson-1988[158]
prs,Persian,20A,Fusion of Selected Inflectional Formatives,1,Exclusively concatenative,Lambton-1974;Lazard-1957a;Mahootian-1997;Majidi-1986;Rastorgueva-1964
prs,Persian,21A,Exponence of Selected Inflectional Formatives,1,Monoexponential case,Lambton-1974;Lazard-1957a;Mahootian-1997;Majidi-1986;Rastorgueva-1964
prs,Persian,21B,Exponence of Tense-Aspect-Mood Inflection,1,monoexponential TAM,Lazard-1957a;Mahootian-1997;Majidi-1986;Rastorgueva-1964;Lambton-1974
prs,Persian,22A,Inflectional Synthesis of the Verb,3,4-5 categories per word,Lambton-1974;Rastorgueva-1964
prs,Persian,23A,Locus of Marking in the Clause,3,Double marking,Lazard-1992;Mahootian-1997
prs,Persian,24A,Locus of Marking in Possessive Noun Phrases,1,Head marking,Lazard-1992;Mahootian-1997
prs,Persian,25A,Locus of Marking: Whole-language Typology,5,Inconsistent or other,Lazard-1992;Mahootian-1997
prs,Persian,25B,Zero Marking of A and P Arguments,2,Non-zero marking,Mahootian-1997;Lazard-1992
prs,Persian,26A,Prefixing vs. Suffixing in Inflectional Morphology,3,Weakly suffixing,Elwell-Sutton-1941[passim];Elwell-Sutton-1963[passim];Lambton-1967[passim];Lazard-1957a[passim];Rastorgueva-1964[passim]
prs,Persian,27A,Reduplication,1,Productive full and partial reduplication,Mahootian-1997[340]
prs,Persian,28A,Case Syncretism,1,No case marking,Rubinchik-1960
prs,Persian,29A,Syncretism in Verbal Person/Number Marking,3,Not syncretic,Rubinchik-1960
prs,Persian,30A,Number of Genders,1,None,Lambton-1974[4n3]
prs,Persian,31A,Sex-based and Non-sex-based Gender Systems,1,No gender,Lambton-1974[4n3]
prs,Persian,32A,Systems of Gender Assignment,1,No gender,Lambton-1974[4n3]
prs,Persian,33A,Coding of Nominal Plurality,2,Plural suffix,Lambton-1967[8];Rastorgueva-1964[18]
prs,Persian,35A,Plurality in Independent Personal Pronouns,4,Person-number stem,Mahootian-1997[205-209]
prs,Persian,36A,The Associative Plural,3,Unique periphrastic associative plural,
prs,Persian,37A,Definite Articles,4,"No definite, but indefinite article",Rastorgueva-1964[passim]
prs,Persian,39A,Inclusive/Exclusive Distinction in Independent Pronouns,3,No inclusive/exclusive,Majidi-1990[108]
prs,Persian,40A,Inclusive/Exclusive Distinction in Verbal Inflection,3,No inclusive/exclusive,Majidi-1990[108]
prs,Persian,41A,Distance Contrasts in Demonstratives,2,Two-way contrast,Mahootian-1997[93]
prs,Persian,42A,Pronominal and Adnominal Demonstratives,3,Different inflection,Mahootian-1997[217]
prs,Persian,43A,Third Person Pronouns and Demonstratives,6,Related for non-human reference,"Rastorgueva-1964[28, 30]"
prs,Persian,44A,Gender Distinctions in Independent Personal Pronouns,3,3rd person singular only,Mahootian-1997[205]
prs,Persian,45A,Politeness Distinctions in Pronouns,2,Binary politeness distinction,Mahootian-1997[205-213]
prs,Persian,46A,Indefinite Pronouns,2,Generic-noun-based,Mahootian-1997
prs,Persian,47A,Intensifiers and Reflexive Pronouns,1,Identical,"Mahootian-1997[96-97, 215]"
prs,Persian,48A,Person Marking on Adpositions,3,Pronouns only,Mahootian-1997[265]
prs,Persian,49A,Number of Cases,2,2 cases,"Mahootian-1997[66-70, 198-201, 213-214]"
prs,Persian,50A,Asymmetrical Case-Marking,2,Symmetrical,"Mahootian-1997[66-70, 198-201, 213-214]"
prs,Persian,51A,Position of Case Affixes,9,No case affixes or adpositional clitics,Rastorgueva-1964[passim]
prs,Persian,52A,Comitatives and Instrumentals,1,Identity,Alavi-and-Lorenz-1988[46]
prs,Persian,53A,Ordinal Numerals,5,"First/one-th, two-th, three-th",Alavi-and-Lorenz-1988[71-78]
prs,Persian,54A,Distributive Numerals,1,No distributive numerals,
prs,Persian,55A,Numeral Classifiers,2,Optional,Mahootian-1997[195]
prs,Persian,56A,Conjunctions and Universal Quantifiers,2,"Formally similar, without interrogative",Netzer-1971
prs,Persian,57A,Position of Pronominal Possessive Affixes,4,No possessive affixes,Rastorgueva-1964[passim]
prs,Persian,58A,Obligatory Possessive Inflection,2,Absent,Lazard-1992;Mahootian-1997
prs,Persian,58B,Number of Possessive Nouns,1,None reported,Mahootian-1997;Lazard-1992
prs,Persian,59A,Possessive Classification,1,No possessive classification,Lazard-1992;Mahootian-1997
prs,Persian,60A,"Genitives, Adjectives and Relative Clauses",2,Genitives and adjectives collapsed,Netzer-1971
prs,Persian,61A,Adjectives without Nouns,2,Without marking,Jones-1809[27]
prs,Persian,62A,Action Nominal Constructions,3,Ergative-Possessive,
prs,Persian,63A,Noun Phrase Conjunction,1,'And' different from 'with',Lazard-1957b
prs,Persian,64A,Nominal and Verbal Conjunction,1,Identity,Mahootian-1997[72-3]
prs,Persian,65A,Perfective/Imperfective Aspect,1,Grammatical marking,Dahl-1985[168]
prs,Persian,66A,The Past Tense,1,"Present, no remoteness distinctions",Dahl-1985[168]
prs,Persian,67A,The Future Tense,2,No inflectional future,Dahl-1985[168]
prs,Persian,68A,The Perfect,4,No perfect,Dahl-1985[168]
prs,Persian,69A,Position of Tense-Aspect Affixes,4,Mixed type,"Lambton-1967[15, 25]"
prs,Persian,70A,The Morphological Imperative,2,Second singular,"Mahootian-1997[27, 247-249];Lazard-1992[137, 148]"
prs,Persian,71A,The Prohibitive,1,Normal imperative + normal negative,"Mahootian-1997[27, 87];Lazard-1992[162, 164]"
prs,Persian,72A,Imperative-Hortative Systems,2,Minimal system,"Mahootian-1997[27, 247-251]"
prs,Persian,73A,The Optative,2,Inflectional optative absent,Lambton-1967
prs,Persian,74A,Situational Possibility,2,Verbal constructions,Windfuhr-1979[99f.];Mahootian-1997[250]
prs,Persian,75A,Epistemic Possibility,3,Other,Windfuhr-1979[99f.];Mahootian-1997[250-251]
prs,Persian,76A,Overlap between Situational and Epistemic Modal Marking,2,Overlap for either possibility or necessity,Windfuhr-1979[100f.];Mahootian-1997[249-251]
prs,Persian,77A,Semantic Distinctions of Evidentiality,3,Direct and indirect,Windfuhr-1982
prs,Persian,78A,Coding of Evidentiality,3,Part of the tense system,Windfuhr-1982
prs,Persian,79A,Suppletion According to Tense and Aspect,3,Tense and aspect,
prs,Persian,79B,Suppletion in Imperatives and Hortatives,5,None (= no suppletive imperatives reported in the reference material),
prs,Persian,80A,Verbal Number and Suppletion,1,None,Lazard-1992
prs,Persian,81A,"Order of Subject, Object and Verb",1,SOV,"Lambton-1967[5];Elwell-Sutton-1941[12];Rastorgueva-1964[49, 22];Lazard-1957a[207-208]"
prs,Persian,82A,Order of Subject and Verb,1,SV,"Lambton-1967[5];Elwell-Sutton-1941[12];Rastorgueva-1964[49, 22];Lazard-1957a[207-208]"
prs,Persian,83A,Order of Object and Verb,1,OV,"Lambton-1967[5];Elwell-Sutton-1941[12];Rastorgueva-1964[49, 22];Lazard-1957a[207-208]"
prs,Persian,85A,Order of Adposition and Noun Phrase,2,Prepositions,"Elwell-Sutton-1941[17, 24-25];Rastorgueva-1964[25]"
prs,Persian,86A,Order of Genitive and Noun,2,Noun-Genitive,Rastorgueva-1964[21];Elwell-Sutton-1963[41]
prs,Persian,87A,Order of Adjective and Noun,2,Noun-Adjective,"Lambton-1967[19, 21];Rastorgueva-1964[21, 23];Lazard-1957a[81]"
prs,Persian,88A,Order of Demonstrative and Noun,1,Demonstrative-Noun,"Lambton-1967[5];Rastorgueva-1964[20, 30]"
prs,Persian,89A,Order of Numeral and Noun,1,Numeral-Noun,Rastorgueva-1964[32];Lambton-1967[42]
prs,Persian,90A,Order of Relative Clause and Noun,1,Noun-Relative clause,Rastorgueva-1964[60]
prs,Persian,90C,Postnominal relative clauses,1,Noun-Relative clause (NRel) dominant,Rastorgueva-1964[60]
prs,Persian,91A,Order of Degree Word and Adjective,1,Degree word-Adjective,"Lambton-1967[22];Lazard-1957a[83, 88]"
prs,Persian,92A,Position of Polar Question Particles,1,Initial,Lambton-1967[5]
prs,Persian,93A,Position of Interrogative Phrases in Content Questions,2,Not initial interrogative phrase,Elwell-Sutton-1941[20];Lazard-1957a[212]
prs,Persian,94A,Order of Adverbial Subordinator and Clause,1,Initial subordinator word,"Rastorgueva-1964[58-59, 61];Lambton-1967[74];Lazard-1957a[236ff]"
prs,Persian,95A,Relationship between the Order of Object and Verb and the Order of Adposition and Noun Phrase,2,OV and Prepositions,
prs,Persian,96A,Relationship between the Order of Object and Verb and the Order of Relative Clause and Noun,2,OV and NRel,
prs,Persian,97A,Relationship between the Order of Object and Verb and the Order of Adjective and Noun,2,OV and NAdj,
prs,Persian,98A,Alignment of Case Marking of Full Noun Phrases,2,Nominative - accusative (standard),"Mahootian-1997[116, 137, 226]"
prs,Persian,99A,Alignment of Case Marking of Pronouns,2,Nominative - accusative (standard),"Mahootian-1997[116, 142]"
prs,Persian,100A,Alignment of Verbal Person Marking,2,Accusative,Mahootian-1997[253]
prs,Persian,101A,Expression of Pronominal Subjects,2,Subject affixes on verb,Lambton-1967[11];Rastorgueva-1964[34]
prs,Persian,102A,Verbal Person Marking,5,Both the A and P arguments,Mahootian-1997[254]
prs,Persian,103A,Third Person Zero of Verbal Person Marking,4,Zero in all 3sg forms,Mahootian-1997[228]
prs,Persian,104A,Order of Person Markers on the Verb,2,A precedes P,Mahootian-1997[254]
prs,Persian,105A,Ditransitive Constructions: The Verb 'Give',1,Indirect-object construction,Mahootian-1997[139]
prs,Persian,106A,Reciprocal Constructions,2,Distinct from reflexive,Mahootian-1997[103]
prs,Persian,107A,Passive Constructions,1,Present,"Mahootian-1997[143, 222]"
prs,Persian,108A,Antipassive Constructions,3,No antipassive,
prs,Persian,108B,Productivity of the Antipassive Construction,4,no antipassive,
prs,Persian,109A,Applicative Constructions,8,No applicative construction,Boyle-1966
prs,Persian,109B,Other Roles of Applied Objects,5,No applicative construction,
prs,Persian,110A,Periphrastic Causative Constructions,2,Purposive but no sequential,"Mahootian-1997[225-226, 274-275]"
prs,Persian,111A,Nonperiphrastic Causative Constructions,2,Morphological but no compound,"Mahootian-1997[225-226, 274-275]"
prs,Persian,112A,Negative Morphemes,1,Negative affix,Lambton-1967[18];Rastorgueva-1964[35]
prs,Persian,113A,Symmetric and Asymmetric Standard Negation,1,Symmetric,Lazard-1957b[154-155]
prs,Persian,114A,Subtypes of Asymmetric Standard Negation,7,Non-assignable,Lazard-1957b[154-155]
prs,Persian,115A,Negative Indefinite Pronouns and Predicate Negation,1,Predicate negation also present,Mahootian-1997[89];Haspelmath-1997[283]
prs,Persian,116A,Polar Questions,1,Question particle,Lambton-1967[5]
prs,Persian,117A,Predicative Possession,5,'Have',Lambton-1967
prs,Persian,118A,Predicative Adjectives,2,Nonverbal encoding,Windfuhr-1987
prs,Persian,119A,Nominal and Locational Predication,2,Identical,Windfuhr-1987
prs,Persian,120A,Zero Copula for Predicate Nominals,1,Impossible,Windfuhr-1987
prs,Persian,122A,Relativization on Subjects,4,Gap,Comrie-1981b
prs,Persian,123A,Relativization on Obliques,3,Pronoun-retention,Comrie-1981b
prs,Persian,124A,'Want' Complement Subjects,2,Subject is expressed overtly,Mahootian-1997[78]
prs,Persian,125A,Purpose Clauses,3,Deranked,Mahootian-1997[39]
prs,Persian,126A,'When' Clauses,1,Balanced,Mahootian-1997[38]
prs,Persian,127A,Reason Clauses,1,Balanced,Mahootian-1997[39-40]
prs,Persian,128A,Utterance Complement Clauses,1,Balanced,Mahootian-1997[2]
prs,Persian,143A,Order of Negative Morpheme and Verb,3,[Neg-V],Rastorgueva-1964[35];Lambton-1967[18]
prs,Persian,143E,Preverbal Negative Morphemes,2,[Neg-V],Rastorgueva-1964[35];Lambton-1967[18]
prs,Persian,143F,Postverbal Negative Morphemes,4,None,Rastorgueva-1964[35];Lambton-1967[18]
prs,Persian,143G,Minor morphological means of signaling negation,4,None,Rastorgueva-1964[35];Lambton-1967[18]
prs,Persian,144A,"Position of Negative Word With Respect to Subject, Object, and Verb",20,MorphNeg,Rastorgueva-1964[35];Lambton-1967[18]
prs,Persian,144L,The Position of Negative Morphemes in SOV Languages,5,SO[Neg-V],Rastorgueva-1964[35];Lambton-1967[18]
prs,Persian,144P,NegSOV Order,4,No NegSOV,Rastorgueva-1964[35];Lambton-1967[18]
prs,Persian,144Q,SNegOV Order,4,No SNegOV,Rastorgueva-1964[35];Lambton-1967[18]
prs,Persian,144R,SONegV Order,2,Prefix&NoDoubleNeg,Rastorgueva-1964[35];Lambton-1967[18]
prs,Persian,144S,SOVNeg Order,11,NoSOVNeg,Rastorgueva-1964[35];Lambton-1967[18]
rus,Russian,20A,Fusion of Selected Inflectional Formatives,1,Exclusively concatenative,Wade-1992
rus,Russian,21A,Exponence of Selected Inflectional Formatives,2,Case + number,Wade-1992
rus,Russian,21B,Exponence of Tense-Aspect-Mood Inflection,1,monoexponential TAM,Wade-1992
rus,Russian,22A,Inflectional Synthesis of the Verb,3,4-5 categories per word,Wade-1992
rus,Russian,23A,Locus of Marking in the Clause,2,Dependent marking,
rus,Russian,24A,Locus of Marking in Possessive Noun Phrases,2,Dependent marking,
rus,Russian,25A,Locus of Marking: Whole-language Typology,2,Dependent-marking,
rus,Russian,25B,Zero Marking of A and P Arguments,2,Non-zero marking,
rus,Russian,26A,Prefixing vs. Suffixing in Inflectional Morphology,2,Strongly suffixing,Bivon-1971[passim];Borras-and-Christian-1959[passim];Krylova-and-Khavronina-1976[passim];Launer-1974[passim];Stilman-and-Harkins-1964[passim];Wade-1992[passim]
rus,Russian,27A,Reduplication,3,No productive reduplication,Beyer-2001
rus,Russian,28A,Case Syncretism,3,Core and non-core,
rus,Russian,29A,Syncretism in Verbal Person/Number Marking,3,Not syncretic,
rus,Russian,30A,Number of Genders,3,Three,Fraser-and-Corbett-1995;Corbett-1991[34-43]
rus,Russian,31A,Sex-based and Non-sex-based Gender Systems,2,Sex-based,Fraser-and-Corbett-1995;Corbett-1991[34-43]
rus,Russian,32A,Systems of Gender Assignment,3,Semantic and formal,Fraser-and-Corbett-1995;Corbett-1991[34-43]
rus,Russian,33A,Coding of Nominal Plurality,2,Plural suffix,Stilman-and-Harkins-1964[491-494]
rus,Russian,34A,Occurrence of Nominal Plurality,6,"All nouns, always obligatory",
rus,Russian,35A,Plurality in Independent Personal Pronouns,6,Person-number stem + nominal plural affix,
rus,Russian,36A,The Associative Plural,4,No associative plural,
rus,Russian,37A,Definite Articles,5,No definite or indefinite article,Stilman-and-Harkins-1964[18]
rus,Russian,38A,Indefinite Articles,5,No definite or indefinite article,Stilman-and-Harkins-1964[18]
rus,Russian,39A,Inclusive/Exclusive Distinction in Independent Pronouns,3,No inclusive/exclusive,Tauscher-and-Kirschbaum-1963[218]
rus,Russian,40A,Inclusive/Exclusive Distinction in Verbal Inflection,3,No inclusive/exclusive,Tauscher-and-Kirschbaum-1963[245]
rus,Russian,41A,Distance Contrasts in Demonstratives,2,Two-way contrast,Wade-1992[135]
rus,Russian,42A,Pronominal and Adnominal Demonstratives,1,Identical,Wade-1992[136]
rus,Russian,44A,Gender Distinctions in Independent Personal Pronouns,3,3rd person singular only,Wade-1992[844]
rus,Russian,45A,Politeness Distinctions in Pronouns,2,Binary politeness distinction,Wade-1992[117-152]
rus,Russian,46A,Indefinite Pronouns,1,Interrogative-based,
rus,Russian,47A,Intensifiers and Reflexive Pronouns,2,Differentiated,"Wade-1992[123-124, 313-319]"
rus,Russian,48A,Person Marking on Adpositions,2,No person marking,Wade-1992[843]
rus,Russian,49A,Number of Cases,6,6-7 cases,"Wade-1992[53-58, 65-71, 73-78, 85-110, 117-118, 123-127, 134-139, 154-164]"
rus,Russian,50A,Asymmetrical Case-Marking,6,Syncretism in relevant NP-types,"Wade-1992[53-58, 65-71, 73-78, 85-110, 117-118, 123-127, 134-139, 154-164]"
rus,Russian,51A,Position of Case Affixes,1,Case suffixes,"Stilman-and-Harkins-1964[174, 491-494]"
rus,Russian,52A,Comitatives and Instrumentals,3,Mixed,Berneker-and-Vasmer-1971
rus,Russian,53A,Ordinal Numerals,7,"First, second, three-th",Berneker-and-Vasmer-1971[82-83]
rus,Russian,54A,Distributive Numerals,5,Marked by preceding word,
rus,Russian,55A,Numeral Classifiers,1,Absent,
rus,Russian,57A,Position of Pronominal Possessive Affixes,4,No possessive affixes,Bivon-1971[passim]
rus,Russian,58A,Obligatory Possessive Inflection,2,Absent,
rus,Russian,58B,Number of Possessive Nouns,1,None reported,
rus,Russian,59A,Possessive Classification,1,No possessive classification,
rus,Russian,60A,"Genitives, Adjectives and Relative Clauses",6,Highly differentiated,
rus,Russian,61A,Adjectives without Nouns,2,Without marking,
rus,Russian,62A,Action Nominal Constructions,3,Ergative-Possessive,
rus,Russian,63A,Noun Phrase Conjunction,1,'And' different from 'with',Pulkina-1978
rus,Russian,64A,Nominal and Verbal Conjunction,1,Identity,
rus,Russian,65A,Perfective/Imperfective Aspect,1,Grammatical marking,Dahl-1985[172]
rus,Russian,66A,The Past Tense,1,"Present, no remoteness distinctions",Dahl-1985[172]
rus,Russian,67A,The Future Tense,2,No inflectional future,Dahl-1985[172]
rus,Russian,68A,The Perfect,4,No perfect,Dahl-1985[172]
rus,Russian,69A,Position of Tense-Aspect Affixes,4,Mixed type,Bivon-1971[passim]
rus,Russian,70A,The Morphological Imperative,1,Second singular and second plural,
rus,Russian,71A,The Prohibitive,1,Normal imperative + normal negative,
rus,Russian,72A,Imperative-Hortative Systems,4,Neither type of system,
rus,Russian,73A,The Optative,2,Inflectional optative absent,
rus,Russian,74A,Situational Possibility,2,Verbal constructions,Wade-1992[337]
rus,Russian,75A,Epistemic Possibility,1,Verbal constructions,Wade-1992[338]
rus,Russian,76A,Overlap between Situational and Epistemic Modal Marking,1,Overlap for both possibility and necessity,Wade-1992[336-339]
rus,Russian,77A,Semantic Distinctions of Evidentiality,1,No grammatical evidentials,
rus,Russian,78A,Coding of Evidentiality,1,No grammatical evidentials,
rus,Russian,79A,Suppletion According to Tense and Aspect,3,Tense and aspect,
rus,Russian,79B,Suppletion in Imperatives and Hortatives,2,Imperative,
rus,Russian,80A,Verbal Number and Suppletion,1,None,
rus,Russian,81A,"Order of Subject, Object and Verb",2,SVO,Bivon-1971[42]
rus,Russian,82A,Order of Subject and Verb,1,SV,Bivon-1971[30]
rus,Russian,83A,Order of Object and Verb,2,VO,Bivon-1971[35]
rus,Russian,85A,Order of Adposition and Noun Phrase,2,Prepositions,Borras-and-Christian-1959[passim]
rus,Russian,86A,Order of Genitive and Noun,2,Noun-Genitive,Bivon-1971[11]
rus,Russian,87A,Order of Adjective and Noun,1,Adjective-Noun,Krylova-and-Khavronina-1976[39];Launer-1974[49];Bivon-1971[75];Borras-and-Christian-1959[386]
rus,Russian,88A,Order of Demonstrative and Noun,1,Demonstrative-Noun,Krylova-and-Khavronina-1976[39-41];Bivon-1971[80]
rus,Russian,89A,Order of Numeral and Noun,1,Numeral-Noun,Bivon-1971[82]
rus,Russian,90A,Order of Relative Clause and Noun,1,Noun-Relative clause,Bivon-1971[84]
rus,Russian,90C,Postnominal relative clauses,1,Noun-Relative clause (NRel) dominant,Bivon-1971[84]
rus,Russian,91A,Order of Degree Word and Adjective,1,Degree word-Adjective,Krylova-and-Khavronina-1976[53]
rus,Russian,92A,Position of Polar Question Particles,3,Second position,Launer-1974[24]
rus,Russian,93A,Position of Interrogative Phrases in Content Questions,1,Initial interrogative phrase,Launer-1974[28]
rus,Russian,94A,Order of Adverbial Subordinator and Clause,1,Initial subordinator word,Bivon-1971[11]
rus,Russian,95A,Relationship between the Order of Object and Verb and the Order of Adposition and Noun Phrase,4,VO and Prepositions,
rus,Russian,96A,Relationship between the Order of Object and Verb and the Order of Relative Clause and Noun,4,VO and NRel,
rus,Russian,97A,Relationship between the Order of Object and Verb and the Order of Adjective and Noun,3,VO and AdjN,
rus,Russian,98A,Alignment of Case Marking of Full Noun Phrases,2,Nominative - accusative (standard),
rus,Russian,99A,Alignment of Case Marking of Pronouns,2,Nominative - accusative (standard),
rus,Russian,100A,Alignment of Verbal Person Marking,2,Accusative,Wade-1992[852-3]
rus,Russian,101A,Expression of Pronominal Subjects,1,Obligatory pronouns in subject position,Stilman-and-Harkins-1964[338-343]
rus,Russian,102A,Verbal Person Marking,2,Only the A argument,Wade-1992[852-3]
rus,Russian,103A,Third Person Zero of Verbal Person Marking,2,No zero realization,Wade-1992[852-3]
rus,Russian,104A,Order of Person Markers on the Verb,1,A and P do not or do not both occur on the verb,Wade-1992[852-3]
rus,Russian,105A,Ditransitive Constructions: The Verb 'Give',1,Indirect-object construction,
rus,Russian,106A,Reciprocal Constructions,3,Mixed,
rus,Russian,107A,Passive Constructions,1,Present,Wade-1992[849]
rus,Russian,108A,Antipassive Constructions,3,No antipassive,
rus,Russian,108B,Productivity of the Antipassive Construction,4,no antipassive,
rus,Russian,109A,Applicative Constructions,8,No applicative construction,
rus,Russian,109B,Other Roles of Applied Objects,5,No applicative construction,
rus,Russian,110A,Periphrastic Causative Constructions,2,Purposive but no sequential,Comrie-1989[167-168];Wade-1992[314-315]
rus,Russian,111A,Nonperiphrastic Causative Constructions,2,Morphological but no compound,Comrie-1989[167-168];Wade-1992[314-315]
rus,Russian,112A,Negative Morphemes,2,Negative particle,Launer-1974[36]
rus,Russian,113A,Symmetric and Asymmetric Standard Negation,1,Symmetric,"Wade-1992[513-514, passim]"
rus,Russian,114A,Subtypes of Asymmetric Standard Negation,7,Non-assignable,"Wade-1992[513-514, passim]"
rus,Russian,115A,Negative Indefinite Pronouns and Predicate Negation,1,Predicate negation also present,Haspelmath-1997[275]
rus,Russian,116A,Polar Questions,1,Question particle,Launer-1974[24]
rus,Russian,117A,Predicative Possession,1,Locational,Pulkina-and-Zakhava-Nekrasova-1974
rus,Russian,118A,Predicative Adjectives,2,Nonverbal encoding,
rus,Russian,119A,Nominal and Locational Predication,2,Identical,
rus,Russian,120A,Zero Copula for Predicate Nominals,2,Possible,
rus,Russian,121A,Comparative Constructions,4,Particle,Pulkina-and-Zakhava-Nekrasova-1974
rus,Russian,122A,Relativization on Subjects,1,Relative pronoun,
rus,Russian,123A,Relativization on Obliques,1,Relative pronoun,
rus,Russian,124A,'Want' Complement Subjects,1,Subject is left implicit,
rus,Russian,125A,Purpose Clauses,2,Balanced/deranked,"Wade-1992[331, 498-9]"
rus,Russian,126A,'When' Clauses,2,Balanced/deranked,"Wade-1992[388, 507]"
rus,Russian,127A,Reason Clauses,2,Balanced/deranked,"Wade-1992[389, 497]"
rus,Russian,128A,Utterance Complement Clauses,1,Balanced,Wade-1992[494]
rus,Russian,143A,Order of Negative Morpheme and Verb,1,NegV,Launer-1974[36]
rus,Russian,143E,Preverbal Negative Morphemes,1,NegV,Launer-1974[36]
rus,Russian,143F,Postverbal Negative Morphemes,4,None,Launer-1974[36]
rus,Russian,143G,Minor morphological means of signaling negation,4,None,Launer-1974[36]
rus,Russian,144A,"Position of Negative Word With Respect to Subject, Object, and Verb",2,SNegVO,Launer-1974[36]
rus,Russian,144B,Position of negative words relative to beginning and end of clause and with respect to adjacency to verb,3,Immed preverbal,Launer-1974[36]
rus,Russian,144D,The Position of Negative Morphemes in SVO Languages,2,SNegVO,Launer-1974[36]
rus,Russian,144H,NegSVO Order,4,No NegSVO,Launer-1974[36]
rus,Russian,144I,SNegVO Order,1,Word&NoDoubleNeg,Launer-1974[36]
rus,Russian,144J,SVNegO Order,7,No SVNegO,Launer-1974[36]
rus,Russian,144K,SVONeg Order,4,No SVONeg,Launer-1974[36]
spa,Spanish,20A,Fusion of Selected Inflectional Formatives,1,Exclusively concatenative,Butt-and-Benjamin-2000
spa,Spanish,21A,Exponence of Selected Inflectional Formatives,1,Monoexponential case,Butt-and-Benjamin-2000
spa,Spanish,21B,Exponence of Tense-Aspect-Mood Inflection,2,TAM+agreement,Butt-and-Benjamin-2000
spa,Spanish,22A,Inflectional Synthesis of the Verb,3,4-5 categories per word,Butt-and-Benjamin-2000
spa,Spanish,23A,Locus of Marking in the Clause,3,Double marking,
spa,Spanish,24A,Locus of Marking in Possessive Noun Phrases,2,Dependent marking,
spa,Spanish,25A,Locus of Marking: Whole-language Typology,5,Inconsistent or other,
spa,Spanish,25B,Zero Marking of A and P Arguments,2,Non-zero marking,
spa,Spanish,26A,Prefixing vs. Suffixing in Inflectional Morphology,2,Strongly suffixing,Butt-and-Benjamin-2000[passim];Green-1988[passim]
spa,Spanish,27A,Reduplication,3,No productive reduplication,Lopez-2001
spa,Spanish,28A,Case Syncretism,3,Core and non-core,Butt-and-Benjamin-2000
spa,Spanish,29A,Syncretism in Verbal Person/Number Marking,2,Syncretic,Butt-and-Benjamin-2000
spa,Spanish,30A,Number of Genders,2,Two,
spa,Spanish,31A,Sex-based and Non-sex-based Gender Systems,2,Sex-based,
spa,Spanish,32A,Systems of Gender Assignment,3,Semantic and formal,
spa,Spanish,33A,Coding of Nominal Plurality,2,Plural suffix,
spa,Spanish,34A,Occurrence of Nominal Plurality,6,"All nouns, always obligatory",
spa,Spanish,35A,Plurality in Independent Personal Pronouns,5,Person-number stem + pronominal plural affix,
spa,Spanish,36A,The Associative Plural,4,No associative plural,
spa,Spanish,37A,Definite Articles,1,Definite word distinct from demonstrative,Green-1988[104]
spa,Spanish,38A,Indefinite Articles,2,Indefinite word same as 'one',Green-1988[104]
spa,Spanish,39A,Inclusive/Exclusive Distinction in Independent Pronouns,3,No inclusive/exclusive,
spa,Spanish,40A,Inclusive/Exclusive Distinction in Verbal Inflection,3,No inclusive/exclusive,
spa,Spanish,41A,Distance Contrasts in Demonstratives,3,Three-way contrast,
spa,Spanish,42A,Pronominal and Adnominal Demonstratives,1,Identical,
spa,Spanish,43A,Third Person Pronouns and Demonstratives,1,Unrelated,Green-1988[95-6]
spa,Spanish,44A,Gender Distinctions in Independent Personal Pronouns,1,In 3rd person + 1st and/or 2nd person,Green-1988[96]
spa,Spanish,45A,Politeness Distinctions in Pronouns,2,Binary politeness distinction,Berschin-etal-1995[190-200]
spa,Spanish,46A,Indefinite Pronouns,3,Special,
spa,Spanish,47A,Intensifiers and Reflexive Pronouns,2,Differentiated,Otero-1999[1427ff.]
spa,Spanish,48A,Person Marking on Adpositions,2,No person marking,Green-1988[103]
spa,Spanish,49A,Number of Cases,1,No morphological case-marking,"Butt-and-Benjamin-2000[127-128, 132-136, 149-154]"
spa,Spanish,50A,Asymmetrical Case-Marking,3,Additive-quantitatively asymmetrical,"Butt-and-Benjamin-2000[127-128, 132-136, 149-154]"
spa,Spanish,51A,Position of Case Affixes,9,No case affixes or adpositional clitics,
spa,Spanish,53A,Ordinal Numerals,7,"First, second, three-th",
spa,Spanish,54A,Distributive Numerals,1,No distributive numerals,
spa,Spanish,57A,Position of Pronominal Possessive Affixes,4,No possessive affixes,
spa,Spanish,58A,Obligatory Possessive Inflection,2,Absent,
spa,Spanish,58B,Number of Possessive Nouns,1,None reported,
spa,Spanish,59A,Possessive Classification,1,No possessive classification,
spa,Spanish,61A,Adjectives without Nouns,2,Without marking,
spa,Spanish,62A,Action Nominal Constructions,3,Ergative-Possessive,
spa,Spanish,63A,Noun Phrase Conjunction,1,'And' different from 'with',Ashcom-and-Goodell-1955
spa,Spanish,64A,Nominal and Verbal Conjunction,1,Identity,
spa,Spanish,65A,Perfective/Imperfective Aspect,1,Grammatical marking,Dahl-1985[171]
spa,Spanish,66A,The Past Tense,1,"Present, no remoteness distinctions",Dahl-1985[171]
spa,Spanish,67A,The Future Tense,1,Inflectional future exists,Dahl-1985[171]
spa,Spanish,68A,The Perfect,1,From possessive,Dahl-1985[171]
spa,Spanish,69A,Position of Tense-Aspect Affixes,2,Tense-aspect suffixes,
spa,Spanish,70A,The Morphological Imperative,1,Second singular and second plural,
spa,Spanish,71A,The Prohibitive,3,Special imperative + normal negative,
spa,Spanish,72A,Imperative-Hortative Systems,4,Neither type of system,
spa,Spanish,73A,The Optative,2,Inflectional optative absent,Butt-and-Benjamin-1994
spa,Spanish,74A,Situational Possibility,2,Verbal constructions,Butt-and-Benjamin-1988[128]
spa,Spanish,75A,Epistemic Possibility,1,Verbal constructions,Butt-and-Benjamin-1988[199]
spa,Spanish,76A,Overlap between Situational and Epistemic Modal Marking,1,Overlap for both possibility and necessity,"Butt-and-Benjamin-1988[128, 356]"
spa,Spanish,77A,Semantic Distinctions of Evidentiality,1,No grammatical evidentials,Butt-and-Benjamin-2000
spa,Spanish,78A,Coding of Evidentiality,1,No grammatical evidentials,Butt-and-Benjamin-2000
spa,Spanish,79A,Suppletion According to Tense and Aspect,3,Tense and aspect,
spa,Spanish,79B,Suppletion in Imperatives and Hortatives,2,Imperative,
spa,Spanish,80A,Verbal Number and Suppletion,1,None,
spa,Spanish,81A,"Order of Subject, Object and Verb",2,SVO,Green-1988[114-115]
spa,Spanish,82A,Order of Subject and Verb,3,No dominant order,
spa,Spanish,83A,Order of Object and Verb,2,VO,Green-1988[103]
spa,Spanish,84A,"Order of Object, Oblique, and Verb",1,VOX,
spa,Spanish,85A,Order of Adposition and Noun Phrase,2,Prepositions,Green-1988[103]
spa,Spanish,86A,Order of Genitive and Noun,2,Noun-Genitive,Green-1988[103]
spa,Spanish,87A,Order of Adjective and Noun,2,Noun-Adjective,Green-1988[104-105]
spa,Spanish,88A,Order of Demonstrative and Noun,1,Demonstrative-Noun,Green-1988[104]
spa,Spanish,89A,Order of Numeral and Noun,1,Numeral-Noun,Green-1988[104]
spa,Spanish,90A,Order of Relative Clause and Noun,1,Noun-Relative clause,Green-1988[104-105]
spa,Spanish,90C,Postnominal relative clauses,1,Noun-Relative clause (NRel) dominant,Green-1988[104-105]
spa,Spanish,91A,Order of Degree Word and Adjective,1,Degree word-Adjective,
spa,Spanish,92A,Position of Polar Question Particles,6,No question particle,Butt-and-Benjamin-2000[516-517]
spa,Spanish,93A,Position of Interrogative Phrases in Content Questions,1,Initial interrogative phrase,Green-1988[104]
spa,Spanish,94A,Order of Adverbial Subordinator and Clause,1,Initial subordinator word,
spa,Spanish,95A,Relationship between the Order of Object and Verb and the Order of Adposition and Noun Phrase,4,VO and Prepositions,
spa,Spanish,96A,Relationship between the Order of Object and Verb and the Order of Relative Clause and Noun,4,VO and NRel,
spa,Spanish,97A,Relationship between the Order of Object and Verb and the Order of Adjective and Noun,4,VO and NAdj,
spa,Spanish,98A,Alignment of Case Marking of Full Noun Phrases,2,Nominative - accusative (standard),
spa,Spanish,99A,Alignment of Case Marking of Pronouns,2,Nominative - accusative (standard),
spa,Spanish,100A,Alignment of Verbal Person Marking,2,Accusative,Green-1988[98]
spa,Spanish,101A,Expression of Pronominal Subjects,2,Subject affixes on verb,
spa,Spanish,102A,Verbal Person Marking,5,Both the A and P arguments,"Green-1988[98, 107-109]"
spa,Spanish,103A,Third Person Zero of Verbal Person Marking,2,No zero realization,Green-1988[98]
spa,Spanish,104A,Order of Person Markers on the Verb,3,P precedes A,"Green-1988[98, 107-109]"
spa,Spanish,105A,Ditransitive Constructions: The Verb 'Give',1,Indirect-object construction,
spa,Spanish,106A,Reciprocal Constructions,3,Mixed,Green-1988
spa,Spanish,107A,Passive Constructions,1,Present,Green-1988[113]
spa,Spanish,108A,Antipassive Constructions,3,No antipassive,
spa,Spanish,108B,Productivity of the Antipassive Construction,4,no antipassive,
spa,Spanish,109A,Applicative Constructions,8,No applicative construction,
spa,Spanish,109B,Other Roles of Applied Objects,5,No applicative construction,
spa,Spanish,110A,Periphrastic Causative Constructions,3,Both,
spa,Spanish,111A,Nonperiphrastic Causative Constructions,4,Both,
spa,Spanish,112A,Negative Morphemes,2,Negative particle,
spa,Spanish,113A,Symmetric and Asymmetric Standard Negation,1,Symmetric,
spa,Spanish,114A,Subtypes of Asymmetric Standard Negation,7,Non-assignable,
spa,Spanish,115A,Negative Indefinite Pronouns and Predicate Negation,3,Mixed behaviour,
spa,Spanish,116A,Polar Questions,4,Interrogative word order,Butt-and-Benjamin-2000[516-517]
spa,Spanish,117A,Predicative Possession,5,'Have',Jarvis-et-al-1981
spa,Spanish,118A,Predicative Adjectives,2,Nonverbal encoding,
spa,Spanish,119A,Nominal and Locational Predication,1,Different,
spa,Spanish,120A,Zero Copula for Predicate Nominals,1,Impossible,
spa,Spanish,121A,Comparative Constructions,4,Particle,
spa,Spanish,122A,Relativization on Subjects,4,Gap,
spa,Spanish,123A,Relativization on Obliques,1,Relative pronoun,
spa,Spanish,124A,'Want' Complement Subjects,1,Subject is left implicit,
spa,Spanish,125A,Purpose Clauses,3,Deranked,"Butt-and-Benjamin-2000[206, 239, 260-1]"
spa,Spanish,126A,'When' Clauses,2,Balanced/deranked,"Butt-and-Benjamin-2000[206-9, 260]"
spa,Spanish,127A,Reason Clauses,2,Balanced/deranked,"Butt-and-Benjamin-2000[210-1, 260]"
spa,Spanish,128A,Utterance Complement Clauses,2,Balanced/deranked,Butt-and-Benjamin-2000[254]
spa,Spanish,143A,Order of Negative Morpheme and Verb,1,NegV,Green-1988[116]
spa,Spanish,143E,Preverbal Negative Morphemes,1,NegV,Green-1988[116]
spa,Spanish,143F,Postverbal Negative Morphemes,4,None,Green-1988[116]
spa,Spanish,143G,Minor morphological means of signaling negation,4,None,Green-1988[116]
spa,Spanish,144A,"Position of Negative Word With Respect to Subject, Object, and Verb",2,SNegVO,
spa,Spanish,144B,Position of negative words relative to beginning and end of clause and with respect to adjacency to verb,3,Immed preverbal,
spa,Spanish,144D,The Position of Negative Morphemes in SVO Languages,2,SNegVO,
spa,Spanish,144H,NegSVO Order,4,No NegSVO,
spa,Spanish,144I,SNegVO Order,1,Word&NoDoubleNeg,
spa,Spanish,144J,SVNegO Order,7,No SVNegO,
spa,Spanish,144K,SVONeg Order,4,No SVONeg,
swa,Swahili,20A,Fusion of Selected Inflectional Formatives,1,Exclusively concatenative,Ashton-1947;Perrott-1950
swa,Swahili,21A,Exponence of Selected Inflectional Formatives,5,No case,Ashton-1947;Perrott-1950
swa,Swahili,21B,Exponence of Tense-Aspect-Mood Inflection,1,monoexponential TAM,Perrott-1950;Ashton-1947
swa,Swahili,22A,Inflectional Synthesis of the Verb,3,4-5 categories per word,Ashton-1947;Perrott-1950
swa,Swahili,23A,Locus of Marking in the Clause,1,Head marking,
swa,Swahili,24A,Locus of Marking in Possessive Noun Phrases,2,Dependent marking,
swa,Swahili,25A,Locus of Marking: Whole-language Typology,5,Inconsistent or other,
swa,Swahili,25B,Zero Marking of A and P Arguments,2,Non-zero marking,
swa,Swahili,26A,Prefixing vs. Suffixing in Inflectional Morphology,5,Weakly prefixing,Ashton-1947[passim]
swa,Swahili,27A,Reduplication,1,Productive full and partial reduplication,Njogu-2001b
swa,Swahili,28A,Case Syncretism,1,No case marking,Ashton-1947;Myachina-1981
swa,Swahili,29A,Syncretism in Verbal Person/Number Marking,2,Syncretic,Ashton-1947;Myachina-1981
swa,Swahili,30A,Number of Genders,5,Five or more,"Gregersen-1967[12-13, 17-19];Corbett-1991[43-49];Wald-1975[272-273]"
swa,Swahili,31A,Sex-based and Non-sex-based Gender Systems,3,Non-sex-based,"Gregersen-1967[12-13, 17-19];Corbett-1991[43-49];Wald-1975[272-273]"
swa,Swahili,32A,Systems of Gender Assignment,3,Semantic and formal,"Gregersen-1967[12-13, 17-19];Corbett-1991[43-49];Wald-1975[272-273]"
swa,Swahili,33A,Coding of Nominal Plurality,1,Plural prefix,Ashton-1947[10]
swa,Swahili,34A,Occurrence of Nominal Plurality,6,"All nouns, always obligatory",Ashton-1947
swa,Swahili,35A,Plurality in Independent Personal Pronouns,4,Person-number stem,Gromova-and-Oxotina-1995[228-229]
swa,Swahili,36A,The Associative Plural,3,Unique periphrastic associative plural,
swa,Swahili,37A,Definite Articles,2,Demonstrative word used as definite article,Ashton-1947[59]
swa,Swahili,39A,Inclusive/Exclusive Distinction in Independent Pronouns,3,No inclusive/exclusive,Ashton-1947[42]
swa,Swahili,40A,Inclusive/Exclusive Distinction in Verbal Inflection,3,No inclusive/exclusive,Ashton-1947[42]
swa,Swahili,41A,Distance Contrasts in Demonstratives,2,Two-way contrast,Ashton-1944[58-9]
swa,Swahili,42A,Pronominal and Adnominal Demonstratives,1,Identical,Ashton-1944[59]
swa,Swahili,44A,Gender Distinctions in Independent Personal Pronouns,2,"3rd person only, but also non-singular",Ashton-1947[42]
swa,Swahili,45A,Politeness Distinctions in Pronouns,1,No politeness distinction,Ashton-1947
swa,Swahili,46A,Indefinite Pronouns,2,Generic-noun-based,Haspelmath-1997[301-303]
swa,Swahili,47A,Intensifiers and Reflexive Pronouns,2,Differentiated,Myachina-1981[37ff.]
swa,Swahili,48A,Person Marking on Adpositions,2,No person marking,Ashton-1947[195]
swa,Swahili,49A,Number of Cases,1,No morphological case-marking,"Vitale-1981[13-14, 48-50];Blake-1994[17-18];Ashton-1947[18, 158-162]"
swa,Swahili,50A,Asymmetrical Case-Marking,1,No case-marking,"Vitale-1981[13-14, 48-50];Blake-1994[17-18];Ashton-1947[18, 158-162]"
swa,Swahili,51A,Position of Case Affixes,5,Mixed morphological case,Ashton-1947[158]
swa,Swahili,52A,Comitatives and Instrumentals,2,Differentiation,Mohlig-and-Heine-1999[200f]
swa,Swahili,53A,Ordinal Numerals,7,"First, second, three-th",Mohlig-and-Heine-1999[187]
swa,Swahili,54A,Distributive Numerals,2,Marked by reduplication,
swa,Swahili,55A,Numeral Classifiers,1,Absent,Welmers-1973[291]
swa,Swahili,57A,Position of Pronominal Possessive Affixes,2,Possessive suffixes,Ashton-1947[passim]
swa,Swahili,58A,Obligatory Possessive Inflection,2,Absent,
swa,Swahili,58B,Number of Possessive Nouns,1,None reported,
swa,Swahili,59A,Possessive Classification,1,No possessive classification,
swa,Swahili,61A,Adjectives without Nouns,2,Without marking,
swa,Swahili,62A,Action Nominal Constructions,2,Possessive-Accusative,
swa,Swahili,63A,Noun Phrase Conjunction,2,'And' identical to 'with',Ashton-1944
swa,Swahili,65A,Perfective/Imperfective Aspect,2,No grammatical marking,Ashton-1947
swa,Swahili,66A,The Past Tense,1,"Present, no remoteness distinctions",Ashton-1947[195]
swa,Swahili,67A,The Future Tense,1,Inflectional future exists,Ashton-1947[195]
swa,Swahili,68A,The Perfect,3,Other perfect,Ashton-1947[195]
swa,Swahili,69A,Position of Tense-Aspect Affixes,1,Tense-aspect prefixes,Ashton-1947[34]
swa,Swahili,70A,The Morphological Imperative,1,Second singular and second plural,Ashton-1947[25-26]
swa,Swahili,71A,The Prohibitive,4,Special imperative + special negative,Wilson-1970[9-10]
swa,Swahili,72A,Imperative-Hortative Systems,1,Maximal system,"Wilson-1970[8-13, 118-119];Ashton-1947[25-26, 118]"
swa,Swahili,73A,The Optative,2,Inflectional optative absent,Ashton-1969
swa,Swahili,74A,Situational Possibility,1,Affixes on verbs,Brandon-1974[73];Ashton-1944[372]
swa,Swahili,75A,Epistemic Possibility,2,Affixes on verbs,Brandon-1974[81]
swa,Swahili,76A,Overlap between Situational and Epistemic Modal Marking,2,Overlap for either possibility or necessity,"Brandon-1974[81, 85]"
swa,Swahili,77A,Semantic Distinctions of Evidentiality,1,No grammatical evidentials,Ashton-1947
swa,Swahili,78A,Coding of Evidentiality,1,No grammatical evidentials,Ashton-1947
swa,Swahili,79A,Suppletion According to Tense and Aspect,4,None,Ashton-1947;Loogman-1965
swa,Swahili,79B,Suppletion in Imperatives and Hortatives,2,Imperative,
swa,Swahili,80A,Verbal Number and Suppletion,1,None,Ashton-1947;Loogman-1965
swa,Swahili,81A,"Order of Subject, Object and Verb",2,SVO,Ashton-1947[passim]
swa,Swahili,82A,Order of Subject and Verb,1,SV,Ashton-1947[passim]
swa,Swahili,83A,Order of Object and Verb,2,VO,Ashton-1947[passim]
swa,Swahili,85A,Order of Adposition and Noun Phrase,2,Prepositions,Ashton-1947[195]
swa,Swahili,86A,Order of Genitive and Noun,2,Noun-Genitive,Ashton-1947[56]
swa,Swahili,87A,Order of Adjective and Noun,2,Noun-Adjective,Ashton-1947[46]
swa,Swahili,88A,Order of Demonstrative and Noun,2,Noun-Demonstrative,Ashton-1947[59]
swa,Swahili,89A,Order of Numeral and Noun,2,Noun-Numeral,Ashton-1947[52]
swa,Swahili,90A,Order of Relative Clause and Noun,1,Noun-Relative clause,Ashton-1947[110-113]
swa,Swahili,90C,Postnominal relative clauses,1,Noun-Relative clause (NRel) dominant,Ashton-1947[110-113]
swa,Swahili,92A,Position of Polar Question Particles,1,Initial,Ashton-1947[151]
swa,Swahili,93A,Position of Interrogative Phrases in Content Questions,2,Not initial interrogative phrase,Ashton-1947[passim]
swa,Swahili,94A,Order of Adverbial Subordinator and Clause,1,Initial subordinator word,Ashton-1947[198]
swa,Swahili,95A,Relationship between the Order of Object and Verb and the Order of Adposition and Noun Phrase,4,VO and Prepositions,
swa,Swahili,96A,Relationship between the Order of Object and Verb and the Order of Relative Clause and Noun,4,VO and NRel,
swa,Swahili,97A,Relationship between the Order of Object and Verb and the Order of Adjective and Noun,4,VO and NAdj,
swa,Swahili,98A,Alignment of Case Marking of Full Noun Phrases,1,Neutral,"Ashton-1969[62, 184]"
swa,Swahili,99A,Alignment of Case Marking of Pronouns,1,Neutral,Ashton-1969[44]
swa,Swahili,100A,Alignment of Verbal Person Marking,2,Accusative,Ashton-1947[42]
swa,Swahili,101A,Expression of Pronominal Subjects,2,Subject affixes on verb,Ashton-1947[42]
swa,Swahili,102A,Verbal Person Marking,5,Both the A and P arguments,Ashton-1947[42]
swa,Swahili,103A,Third Person Zero of Verbal Person Marking,2,No zero realization,Ashton-1947[43]
swa,Swahili,104A,Order of Person Markers on the Verb,2,A precedes P,Ashton-1947[42]
swa,Swahili,105A,Ditransitive Constructions: The Verb 'Give',2,Double-object construction,Ashton-1947
swa,Swahili,106A,Reciprocal Constructions,2,Distinct from reflexive,Vitale-1981[147]
swa,Swahili,107A,Passive Constructions,1,Present,Ashton-1947[222]
swa,Swahili,108A,Antipassive Constructions,3,No antipassive,Vitale-1981;Whiteley-1968
swa,Swahili,108B,Productivity of the Antipassive Construction,4,no antipassive,Vitale-1981;Whiteley-1968
swa,Swahili,109A,Applicative Constructions,3,Benefactive and other; both bases,Abdulaziz-1996
swa,Swahili,109B,Other Roles of Applied Objects,2,Locative,
swa,Swahili,110A,Periphrastic Causative Constructions,2,Purposive but no sequential,"Myachina-1981[47];Vitale-1981[78-80, 152-168]"
swa,Swahili,111A,Nonperiphrastic Causative Constructions,2,Morphological but no compound,"Myachina-1981[47];Vitale-1981[78-80, 152-168]"
swa,Swahili,112A,Negative Morphemes,1,Negative affix,Ashton-1947[70]
swa,Swahili,113A,Symmetric and Asymmetric Standard Negation,3,Both,"Hurskainen-1989[191-200, passim];Contini-Morava-1989[passim]"
swa,Swahili,114A,Subtypes of Asymmetric Standard Negation,3,A/Cat,"Hurskainen-1989[191-200, passim];Contini-Morava-1989[passim]"
swa,Swahili,115A,Negative Indefinite Pronouns and Predicate Negation,1,Predicate negation also present,Haspelmath-1997[301-303]
swa,Swahili,116A,Polar Questions,1,Question particle,Ashton-1947[151]
swa,Swahili,117A,Predicative Possession,4,Conjunctional,Ashton-1947
swa,Swahili,118A,Predicative Adjectives,3,Mixed,Ashton-1944
swa,Swahili,119A,Nominal and Locational Predication,2,Identical,Ashton-1944
swa,Swahili,120A,Zero Copula for Predicate Nominals,1,Impossible,Ashton-1944
swa,Swahili,121A,Comparative Constructions,2,Exceed,Ashton-1947
swa,Swahili,122A,Relativization on Subjects,4,Gap,
swa,Swahili,123A,Relativization on Obliques,5,Not possible,
swa,Swahili,128A,Utterance Complement Clauses,1,Balanced,Vitale-1981[65]
swa,Swahili,143A,Order of Negative Morpheme and Verb,3,[Neg-V],Ashton-1947[70]
swa,Swahili,143E,Preverbal Negative Morphemes,2,[Neg-V],Ashton-1947[70]
swa,Swahili,143F,Postverbal Negative Morphemes,4,None,Ashton-1947[70]
swa,Swahili,143G,Minor morphological means of signaling negation,4,None,Ashton-1947[70]
swa,Swahili,144A,"Position of Negative Word With Respect to Subject, Object, and Verb",20,MorphNeg,Ashton-1947[70]
swa,Swahili,144D,The Position of Negative Morphemes in SVO Languages,5,S[Neg-V]O,Ashton-1947[70]
swa,Swahili,144H,NegSVO Order,4,No NegSVO,Ashton-1947[70]
swa,Swahili,144I,SNegVO Order,2,Prefix&NoDoubleNeg,Ashton-1947[70]
swa,Swahili,144J,SVNegO Order,7,No SVNegO,Ashton-1947[70]
swa,Swahili,144K,SVONeg Order,4,No SVONeg,Ashton-1947[70]
tha,Thai,20A,Fusion of Selected Inflectional Formatives,7,Isolating/concatenative,Bisang-1991;Bisang-1992;Noss-1964;Warotamasikkhadit-1972
tha,Thai,21A,Exponence of Selected Inflectional Formatives,5,No case,Bisang-1991;Bisang-1992;Noss-1964;Warotamasikkhadit-1972
tha,Thai,21B,Exponence of Tense-Aspect-Mood Inflection,1,monoexponential TAM,Warotamasikkhadit-1972;Bisang-1991;Noss-1964;Bisang-1992
tha,Thai,22A,Inflectional Synthesis of the Verb,2,2-3 categories per word,Warotamasikkhadit-1972
tha,Thai,23A,Locus of Marking in the Clause,4,No marking,Noss-1964
tha,Thai,24A,Locus of Marking in Possessive Noun Phrases,2,Dependent marking,Noss-1964
tha,Thai,25A,Locus of Marking: Whole-language Typology,5,Inconsistent or other,Noss-1964
tha,Thai,25B,Zero Marking of A and P Arguments,1,Zero-marking,Noss-1964
tha,Thai,26A,Prefixing vs. Suffixing in Inflectional Morphology,1,Little affixation,Anthony-et-al-1968[passim];Warotamasikkhadit-1972[passim]
tha,Thai,27A,Reduplication,1,Productive full and partial reduplication,Haas-1946[128]
tha,Thai,28A,Case Syncretism,1,No case marking,Morezh-et-al-1961
tha,Thai,29A,Syncretism in Verbal Person/Number Marking,1,No subject person/number marking,Morezh-et-al-1961
tha,Thai,30A,Number of Genders,1,None,Campbell-and-Shaweevongse-1962
tha,Thai,31A,Sex-based and Non-sex-based Gender Systems,1,No gender,Campbell-and-Shaweevongse-1962
tha,Thai,32A,Systems of Gender Assignment,1,No gender,Campbell-and-Shaweevongse-1962
tha,Thai,35A,Plurality in Independent Personal Pronouns,4,Person-number stem,Noss-1964[98-101]
tha,Thai,36A,The Associative Plural,4,No associative plural,
tha,Thai,37A,Definite Articles,4,"No definite, but indefinite article",
tha,Thai,38A,Indefinite Articles,1,Indefinite word distinct from 'one',Anthony-et-al-1968[54]
tha,Thai,39A,Inclusive/Exclusive Distinction in Independent Pronouns,2,'We' the same as 'I',Noss-1964[98-102]
tha,Thai,40A,Inclusive/Exclusive Distinction in Verbal Inflection,1,No person marking,Noss-1964[114 ff.]
tha,Thai,43A,Third Person Pronouns and Demonstratives,1,Unrelated,"Campbell-and-Shaweevongse-1957[139, 508]"
tha,Thai,44A,Gender Distinctions in Independent Personal Pronouns,6,No gender distinctions,Noss-1964[98]
tha,Thai,45A,Politeness Distinctions in Pronouns,4,Pronouns avoided for politeness,Cooke-1968[4-66]
tha,Thai,46A,Indefinite Pronouns,1,Interrogative-based,Diller-1994[151-2]
tha,Thai,47A,Intensifiers and Reflexive Pronouns,1,Identical,Noss-1964[100ff.]
tha,Thai,48A,Person Marking on Adpositions,2,No person marking,Noss-1964[146]
tha,Thai,49A,Number of Cases,1,No morphological case-marking,Campbell-2000[1631-1640]
tha,Thai,50A,Asymmetrical Case-Marking,1,No case-marking,Campbell-2000[1631-1640]
tha,Thai,51A,Position of Case Affixes,9,No case affixes or adpositional clitics,
tha,Thai,52A,Comitatives and Instrumentals,2,Differentiation,Yates-and-Tryon-1970
tha,Thai,53A,Ordinal Numerals,5,"First/one-th, two-th, three-th",Yates-and-Tryon-1970
tha,Thai,54A,Distributive Numerals,1,No distributive numerals,
tha,Thai,55A,Numeral Classifiers,3,Obligatory,
tha,Thai,56A,Conjunctions and Universal Quantifiers,3,"Formally similar, with interrogative",Noss-1964[181]
tha,Thai,57A,Position of Pronominal Possessive Affixes,4,No possessive affixes,
tha,Thai,58A,Obligatory Possessive Inflection,2,Absent,Noss-1964
tha,Thai,58B,Number of Possessive Nouns,1,None reported,Noss-1964
tha,Thai,59A,Possessive Classification,1,No possessive classification,Noss-1964
tha,Thai,60A,"Genitives, Adjectives and Relative Clauses",5,Moderately differentiated in other ways,
tha,Thai,61A,Adjectives without Nouns,2,Without marking,
tha,Thai,62A,Action Nominal Constructions,6,Mixed,
tha,Thai,63A,Noun Phrase Conjunction,1,'And' different from 'with',Noss-1964
tha,Thai,64A,Nominal and Verbal Conjunction,1,Identity,
tha,Thai,65A,Perfective/Imperfective Aspect,2,No grammatical marking,Dahl-1985[174]
tha,Thai,66A,The Past Tense,4,No past tense,Dahl-1985[174]
tha,Thai,67A,The Future Tense,2,No inflectional future,Dahl-1985[174]
tha,Thai,68A,The Perfect,2,"From 'finish', 'already'",Dahl-1985[174]
tha,Thai,69A,Position of Tense-Aspect Affixes,5,No tense-aspect inflection,
tha,Thai,70A,The Morphological Imperative,5,No second-person imperatives,Needleman-1973[23]
tha,Thai,71A,The Prohibitive,2,Normal imperative + special negative,Needleman-1973[24]
tha,Thai,72A,Imperative-Hortative Systems,4,Neither type of system,"Noss-1964[40, 143, 207, 210-211]"
tha,Thai,73A,The Optative,2,Inflectional optative absent,Warotamasikkhadit-1972
tha,Thai,74A,Situational Possibility,2,Verbal constructions,"Noss-1964[115, 117]"
tha,Thai,75A,Epistemic Possibility,1,Verbal constructions,"Noss-1964[115, 136]"
tha,Thai,76A,Overlap between Situational and Epistemic Modal Marking,1,Overlap for both possibility and necessity,"Noss-1964[114-117, 136f.]"
tha,Thai,77A,Semantic Distinctions of Evidentiality,1,No grammatical evidentials,Burusphat-1991
tha,Thai,78A,Coding of Evidentiality,1,No grammatical evidentials,Burusphat-1991
tha,Thai,79A,Suppletion According to Tense and Aspect,4,None,Noss-1964;Yates-and-Tryon-1970
tha,Thai,79B,Suppletion in Imperatives and Hortatives,5,None (= no suppletive imperatives reported in the reference material),
tha,Thai,80A,Verbal Number and Suppletion,1,None,Noss-1964;Yates-and-Tryon-1970
tha,Thai,81A,"Order of Subject, Object and Verb",2,SVO,"Warotamasikkhadit-1972[14, passim];Anthony-et-al-1968[88-91, 95]"
tha,Thai,82A,Order of Subject and Verb,1,SV,"Warotamasikkhadit-1972[14, passim];Anthony-et-al-1968[88-91, 95]"
tha,Thai,83A,Order of Object and Verb,2,VO,"Warotamasikkhadit-1972[14, passim];Anthony-et-al-1968[88-91, 95]"
tha,Thai,84A,"Order of Object, Oblique, and Verb",1,VOX,
tha,Thai,85A,Order of Adposition and Noun Phrase,2,Prepositions,"Warotamasikkhadit-1972[41-42];Anthony-et-al-1968[206, passim]"
tha,Thai,86A,Order of Genitive and Noun,2,Noun-Genitive,Warotamasikkhadit-1972[39-49];Anthony-et-al-1968[passim]
tha,Thai,87A,Order of Adjective and Noun,2,Noun-Adjective,"Warotamasikkhadit-1972[14, 50, 17]"
tha,Thai,88A,Order of Demonstrative and Noun,2,Noun-Demonstrative,"Warotamasikkhadit-1972[20, 223, passim];Anthony-et-al-1968[51-53]"
tha,Thai,89A,Order of Numeral and Noun,2,Noun-Numeral,"Warotamasikkhadit-1972[26-27, 56];Anthony-et-al-1968[48-50]"
tha,Thai,90A,Order of Relative Clause and Noun,1,Noun-Relative clause,Warotamasikkhadit-1972[48];Anthony-et-al-1968[502]
tha,Thai,90C,Postnominal relative clauses,1,Noun-Relative clause (NRel) dominant,Anthony-et-al-1968[502];Warotamasikkhadit-1972[48]
tha,Thai,91A,Order of Degree Word and Adjective,2,Adjective-Degree word,"Warotamasikkhadit-1972[58];Anthony-et-al-1968[244, 290, 402, passim]"
tha,Thai,92A,Position of Polar Question Particles,2,Final,"Warotamasikkhadit-1972[14, passim];Anthony-et-al-1968[80, 116, 93, passim 80]"
tha,Thai,93A,Position of Interrogative Phrases in Content Questions,2,Not initial interrogative phrase,"Warotamasikkhadit-1972[14, 56];Anthony-et-al-1968[94, 101, 122, 137-138, 311-312, 488-490]"
tha,Thai,94A,Order of Adverbial Subordinator and Clause,1,Initial subordinator word,"Warotamasikkhadit-1972[45-46];Anthony-et-al-1968[494-498, 536-538]"
tha,Thai,95A,Relationship between the Order of Object and Verb and the Order of Adposition and Noun Phrase,4,VO and Prepositions,
tha,Thai,96A,Relationship between the Order of Object and Verb and the Order of Relative Clause and Noun,4,VO and NRel,
tha,Thai,97A,Relationship between the Order of Object and Verb and the Order of Adjective and Noun,4,VO and NAdj,
tha,Thai,98A,Alignment of Case Marking of Full Noun Phrases,1,Neutral,"Smyth-2002[43, 116]"
tha,Thai,99A,Alignment of Case Marking of Pronouns,1,Neutral,"Smyth-2002[96, 116]"
tha,Thai,100A,Alignment of Verbal Person Marking,1,Neutral,Noss-1964[123]
tha,Thai,101A,Expression of Pronominal Subjects,5,Optional pronouns in subject position,
tha,Thai,102A,Verbal Person Marking,1,No person marking,Noss-1964[123]
tha,Thai,103A,Third Person Zero of Verbal Person Marking,1,No person marking,Noss-1964[123]
tha,Thai,104A,Order of Person Markers on the Verb,1,A and P do not or do not both occur on the verb,Noss-1964[123]
tha,Thai,105A,Ditransitive Constructions: The Verb 'Give',1,Indirect-object construction,
tha,Thai,106A,Reciprocal Constructions,2,Distinct from reflexive,Campbell-1964[29];Warotamasikkhadit-1972[87]
tha,Thai,107A,Passive Constructions,1,Present,Noss-1964[124-127]
tha,Thai,108A,Antipassive Constructions,3,No antipassive,Campbell-1968;Needleman-1973;Noss-1964
tha,Thai,108B,Productivity of the Antipassive Construction,4,no antipassive,Campbell-1968;Needleman-1973;Noss-1964
tha,Thai,109A,Applicative Constructions,8,No applicative construction,Campbell-1968;Needleman-1973
tha,Thai,109B,Other Roles of Applied Objects,5,No applicative construction,
tha,Thai,110A,Periphrastic Causative Constructions,3,Both,Vichit-Vadakan-1976[passim]
tha,Thai,111A,Nonperiphrastic Causative Constructions,1,Neither,Vichit-Vadakan-1976[passim]
tha,Thai,112A,Negative Morphemes,3,Negative auxiliary verb,Anthony-et-al-1968[14]
tha,Thai,113A,Symmetric and Asymmetric Standard Negation,1,Symmetric,Yates-and-Tryon-1970[21-22];Hudak-1987[43]
tha,Thai,114A,Subtypes of Asymmetric Standard Negation,7,Non-assignable,Yates-and-Tryon-1970[21-22];Hudak-1987[43]
tha,Thai,115A,Negative Indefinite Pronouns and Predicate Negation,1,Predicate negation also present,
tha,Thai,116A,Polar Questions,1,Question particle,"Warotamasikkhadit-1972[14, passim];Anthony-et-al-1968[80, 116, 93, passim 80]"
tha,Thai,117A,Predicative Possession,3,Topic,Warotamasikkhadit-1972
tha,Thai,118A,Predicative Adjectives,1,Verbal encoding,Noss-1964
tha,Thai,119A,Nominal and Locational Predication,1,Different,Noss-1964
tha,Thai,120A,Zero Copula for Predicate Nominals,2,Possible,Noss-1964
tha,Thai,121A,Comparative Constructions,2,Exceed,Noss-1964
tha,Thai,122A,Relativization on Subjects,4,Gap,
tha,Thai,123A,Relativization on Obliques,4,Gap,
tha,Thai,124A,'Want' Complement Subjects,1,Subject is left implicit,Diller-1994[151]
tha,Thai,143A,Order of Negative Morpheme and Verb,1,NegV,"Anthony-et-al-1968[478-479, 14, 140-142, passim];Warotamasikkhadit-1972[14, passim]"
tha,Thai,143E,Preverbal Negative Morphemes,1,NegV,"Anthony-et-al-1968[478-479, 14, 140-142, passim];Warotamasikkhadit-1972[14, passim]"
tha,Thai,143F,Postverbal Negative Morphemes,4,None,"Anthony-et-al-1968[478-479, 14, 140-142, passim];Warotamasikkhadit-1972[14, passim]"
tha,Thai,143G,Minor morphological means of signaling negation,4,None,"Anthony-et-al-1968[478-479, 14, 140-142, passim];Warotamasikkhadit-1972[14, passim]"
tha,Thai,144A,"Position of Negative Word With Respect to Subject, Object, and Verb",2,SNegVO,Anthony-et-al-1968[14]
tha,Thai,144B,Position of negative words relative to beginning and end of clause and with respect to adjacency to verb,3,Immed preverbal,Anthony-et-al-1968[14]
tha,Thai,144D,The Position of Negative Morphemes in SVO Languages,2,SNegVO,Anthony-et-al-1968[14]
tha,Thai,144H,NegSVO Order,4,No NegSVO,Anthony-et-al-1968[14]
tha,Thai,144I,SNegVO Order,1,Word&NoDoubleNeg,Anthony-et-al-1968[14]
tha,Thai,144J,SVNegO Order,7,No SVNegO,Anthony-et-al-1968[14]
tha,Thai,144K,SVONeg Order,4,No SVONeg,Anthony-et-al-1968[14]
tml,Tamil,26A,Prefixing vs. Suffixing in Inflectional Morphology,2,Strongly suffixing,Asher-1982[passim]
tml,Tamil,27A,Reduplication,1,Productive full and partial reduplication,Steever-2001
tml,Tamil,30A,Number of Genders,3,Three,Asher-1985[136-137]
tml,Tamil,31A,Sex-based and Non-sex-based Gender Systems,2,Sex-based,Asher-1985[136-137]
tml,Tamil,32A,Systems of Gender Assignment,2,Semantic,Asher-1985[136-137]
tml,Tamil,33A,Coding of Nominal Plurality,2,Plural suffix,Asher-1982[135]
tml,Tamil,34A,Occurrence of Nominal Plurality,5,"All nouns, optional in inanimates",Asher-1985[134-5]
tml,Tamil,35A,Plurality in Independent Personal Pronouns,6,Person-number stem + nominal plural affix,Annamalai-and-Steever-1998[110]
tml,Tamil,41A,Distance Contrasts in Demonstratives,2,Two-way contrast,Herring-1994[247]
tml,Tamil,42A,Pronominal and Adnominal Demonstratives,3,Different inflection,Herring-1994[247]
tml,Tamil,45A,Politeness Distinctions in Pronouns,3,Multiple politeness distinctions,Brown-and-Levinson-1987[293f]
tml,Tamil,46A,Indefinite Pronouns,1,Interrogative-based,Asher-1985[193]
tml,Tamil,47A,Intensifiers and Reflexive Pronouns,1,Identical,Annamalai-2000[170-174]
tml,Tamil,51A,Position of Case Affixes,1,Case suffixes,Asher-1982[103]
tml,Tamil,52A,Comitatives and Instrumentals,2,Differentiation,Beythan-1943
tml,Tamil,53A,Ordinal Numerals,6,"First, two-th, three-th",Beythan-1943[140-142]
tml,Tamil,54A,Distributive Numerals,2,Marked by reduplication,Abbi-1992[79]
tml,Tamil,56A,Conjunctions and Universal Quantifiers,3,"Formally similar, with interrogative",Emeneau-1980;Gil-1994b
tml,Tamil,62A,Action Nominal Constructions,1,Sentential,Asher-1982[110]
tml,Tamil,63A,Noun Phrase Conjunction,1,'And' different from 'with',Asher-1982
tml,Tamil,64A,Nominal and Verbal Conjunction,2,Differentiation,Asher-1985[67-76]
tml,Tamil,65A,Perfective/Imperfective Aspect,2,No grammatical marking,Dahl-1985[165-166]
tml,Tamil,66A,The Past Tense,1,"Present, no remoteness distinctions",Dahl-1985[165-166]
tml,Tamil,67A,The Future Tense,1,Inflectional future exists,Dahl-1985[165-166]
tml,Tamil,68A,The Perfect,3,Other perfect,Dahl-1985[165-166]
tml,Tamil,69A,Position of Tense-Aspect Affixes,2,Tense-aspect suffixes,"Asher-1982[173-174, 178-179]"
tml,Tamil,70A,The Morphological Imperative,1,Second singular and second plural,Lehmann-1993[55-56]
tml,Tamil,71A,The Prohibitive,4,Special imperative + special negative,Lehmann-1993[55-56]
tml,Tamil,74A,Situational Possibility,1,Affixes on verbs,Lehmann-1993[215f.]
tml,Tamil,75A,Epistemic Possibility,2,Affixes on verbs,Lehmann-1993[216]
tml,Tamil,76A,Overlap between Situational and Epistemic Modal Marking,2,Overlap for either possibility or necessity,Lehmann-1993[216]
tml,Tamil,77A,Semantic Distinctions of Evidentiality,2,Indirect only,Asher-1982[172]
tml,Tamil,78A,Coding of Evidentiality,2,Verbal affix or clitic,Asher-1982[172]
tml,Tamil,81A,"Order of Subject, Object and Verb",1,SOV,"Asher-1982[25, 55]"
tml,Tamil,82A,Order of Subject and Verb,1,SV,"Asher-1982[25, 55]"
tml,Tamil,83A,Order of Object and Verb,1,OV,"Asher-1982[25, 55]"
tml,Tamil,84A,"Order of Object, Oblique, and Verb",3,XOV,Asher-1982[57]
tml,Tamil,85A,Order of Adposition and Noun Phrase,1,Postpositions,Asher-1982[59-60]
tml,Tamil,86A,Order of Genitive and Noun,1,Genitive-Noun,Asher-1982[113]
tml,Tamil,87A,Order of Adjective and Noun,1,Adjective-Noun,"Asher-1982[65, passim]"
tml,Tamil,88A,Order of Demonstrative and Noun,1,Demonstrative-Noun,"Asher-1982[65, passim]"
tml,Tamil,89A,Order of Numeral and Noun,1,Numeral-Noun,"Asher-1982[65, passim]"
tml,Tamil,90A,Order of Relative Clause and Noun,2,Relative clause-Noun,"Asher-1982[65, 26, passim]"
tml,Tamil,90B,Prenominal relative clauses,1,Relative clause-Noun (RelN) dominant,"Asher-1982[65, 26, passim]"
tml,Tamil,91A,Order of Degree Word and Adjective,1,Degree word-Adjective,Asher-1982[58]
tml,Tamil,92A,Position of Polar Question Particles,6,No question particle,Asher-1982[4]
tml,Tamil,93A,Position of Interrogative Phrases in Content Questions,2,Not initial interrogative phrase,Asher-1982[3]
tml,Tamil,94A,Order of Adverbial Subordinator and Clause,4,Subordinating suffix,Asher-1982[passim]
tml,Tamil,95A,Relationship between the Order of Object and Verb and the Order of Adposition and Noun Phrase,1,OV and Postpositions,
tml,Tamil,96A,Relationship between the Order of Object and Verb and the Order of Relative Clause and Noun,1,OV and RelN,
tml,Tamil,97A,Relationship between the Order of Object and Verb and the Order of Adjective and Noun,1,OV and AdjN,
tml,Tamil,105A,Ditransitive Constructions: The Verb 'Give',1,Indirect-object construction,Asher-1985[107-8]
tml,Tamil,106A,Reciprocal Constructions,2,Distinct from reflexive,Asher-1982[87]
tml,Tamil,108A,Antipassive Constructions,3,No antipassive,Asher-1985
tml,Tamil,108B,Productivity of the Antipassive Construction,4,no antipassive,Asher-1985
tml,Tamil,109A,Applicative Constructions,8,No applicative construction,Asher-1985
tml,Tamil,109B,Other Roles of Applied Objects,5,No applicative construction,
tml,Tamil,110A,Periphrastic Causative Constructions,2,Purposive but no sequential,"Asher-1985[153-156, 202]"
tml,Tamil,111A,Nonperiphrastic Causative Constructions,2,Morphological but no compound,"Asher-1985[153-156, 202]"
tml,Tamil,112A,Negative Morphemes,1,Negative affix,"Asher-1982[77, 175]"
tml,Tamil,115A,Negative Indefinite Pronouns and Predicate Negation,1,Predicate negation also present,"Asher-1985[79, 192-3]"
tml,Tamil,116A,Polar Questions,2,Interrogative verb morphology,Asher-1982[4]
tml,Tamil,117A,Predicative Possession,1,Locational,Asher-1982
tml,Tamil,118A,Predicative Adjectives,2,Nonverbal encoding,Asher-1982
tml,Tamil,119A,Nominal and Locational Predication,2,Identical,Asher-1982
tml,Tamil,120A,Zero Copula for Predicate Nominals,2,Possible,Asher-1982
tml,Tamil,121A,Comparative Constructions,1,Locational,Asher-1982
tml,Tamil,125A,Purpose Clauses,3,Deranked,Asher-1985[43]
tml,Tamil,126A,'When' Clauses,3,Deranked,"Asher-1985[37-9, 40-2]"
tml,Tamil,127A,Reason Clauses,3,Deranked,Asher-1985[43]
tml,Tamil,128A,Utterance Complement Clauses,3,Deranked,Asher-1985[20]
tml,Tamil,143A,Order of Negative Morpheme and Verb,4,[V-Neg],"Asher-1982[77, 175]"
tml,Tamil,143E,Preverbal Negative Morphemes,4,None,"Asher-1982[77, 175]"
tml,Tamil,143F,Postverbal Negative Morphemes,2,[V-Neg],"Asher-1982[77, 175]"
tml,Tamil,143G,Minor morphological means of signaling negation,4,None,"Asher-1982[77, 175]"
tml,Tamil,144A,"Position of Negative Word With Respect to Subject, Object, and Verb",20,MorphNeg,"Asher-1982[77, 175]"
tml,Tamil,144L,The Position of Negative Morphemes in SOV Languages,6,SO[V-Neg],"Asher-1982[77, 175]"
tml,Tamil,144P,NegSOV Order,4,No NegSOV,"Asher-1982[77, 175]"
tml,Tamil,144Q,SNegOV Order,4,No SNegOV,"Asher-1982[77, 175]"
tml,Tamil,144R,SONegV Order,8,No SONegV,"Asher-1982[77, 175]"
tml,Tamil,144S,SOVNeg Order,2,Suffix&NoDoubleNeg,"Asher-1982[77, 175]"
tur,Turkish,20A,Fusion of Selected Inflectional Formatives,1,Exclusively concatenative,Lewis-1967;Swift-1963;Underhill-1976
tur,Turkish,21A,Exponence of Selected Inflectional Formatives,1,Monoexponential case,Lewis-1967;Swift-1963;Underhill-1976
tur,Turkish,21B,Exponence of Tense-Aspect-Mood Inflection,1,monoexponential TAM,Swift-1963;Lewis-1967;Underhill-1976
tur,Turkish,22A,Inflectional Synthesis of the Verb,4,6-7 categories per word,Lewis-1967;Underhill-1976
tur,Turkish,23A,Locus of Marking in the Clause,2,Dependent marking,Lewis-1967
tur,Turkish,24A,Locus of Marking in Possessive Noun Phrases,3,Double marking,Lewis-1967
tur,Turkish,25A,Locus of Marking: Whole-language Typology,5,Inconsistent or other,Lewis-1967
tur,Turkish,25B,Zero Marking of A and P Arguments,2,Non-zero marking,Lewis-1967
tur,Turkish,26A,Prefixing vs. Suffixing in Inflectional Morphology,2,Strongly suffixing,Erguvanli-1984[passim];Kornfilt-1997[passim];Lewis-1967[passim];Thomas-1967[passim];Underhill-1976[passim]
tur,Turkish,27A,Reduplication,1,Productive full and partial reduplication,Godel-1945[6]
tur,Turkish,28A,Case Syncretism,4,No syncretism,Lewis-1967
tur,Turkish,29A,Syncretism in Verbal Person/Number Marking,3,Not syncretic,Lewis-1967
tur,Turkish,30A,Number of Genders,1,None,"Kornfilt-1997[291, 322, 383]"
tur,Turkish,31A,Sex-based and Non-sex-based Gender Systems,1,No gender,"Kornfilt-1997[291, 322, 383]"
tur,Turkish,32A,Systems of Gender Assignment,1,No gender,"Kornfilt-1997[291, 322, 383]"
tur,Turkish,33A,Coding of Nominal Plurality,2,Plural suffix,Lewis-1967[25];Underhill-1976[33]
tur,Turkish,34A,Occurrence of Nominal Plurality,6,"All nouns, always obligatory",Kornfilt-1997[109]
tur,Turkish,35A,Plurality in Independent Personal Pronouns,8,Person stem + nominal plural affix,"Kononov-1941[42, 95]"
tur,Turkish,36A,The Associative Plural,1,Associative same as additive plural,"Lewis-1967[26, 40, 65]"
tur,Turkish,37A,Definite Articles,4,"No definite, but indefinite article",Erguvanli-1984[passim]
tur,Turkish,38A,Indefinite Articles,2,Indefinite word same as 'one',Thomas-1967[18];Underhill-1976[38];Lewis-1967[54]
tur,Turkish,39A,Inclusive/Exclusive Distinction in Independent Pronouns,3,No inclusive/exclusive,Kornfilt-1997[281]
tur,Turkish,40A,Inclusive/Exclusive Distinction in Verbal Inflection,3,No inclusive/exclusive,Kornfilt-1997[382]
tur,Turkish,41A,Distance Contrasts in Demonstratives,2,Two-way contrast,Underhill-1976[121]
tur,Turkish,42A,Pronominal and Adnominal Demonstratives,3,Different inflection,Lewis-1967[97]
tur,Turkish,43A,Third Person Pronouns and Demonstratives,3,Related to remote demonstratives,"Lewis-1967[67, 71]"
tur,Turkish,44A,Gender Distinctions in Independent Personal Pronouns,6,No gender distinctions,Lewis-1967[67]
tur,Turkish,45A,Politeness Distinctions in Pronouns,2,Binary politeness distinction,Lewis-1967[67-84]
tur,Turkish,46A,Indefinite Pronouns,2,Generic-noun-based,Kornfilt-1997[295]
tur,Turkish,47A,Intensifiers and Reflexive Pronouns,1,Identical,Kornfilt-1997[138-158]
tur,Turkish,48A,Person Marking on Adpositions,2,No person marking,Lewis-1967[85-95]
tur,Turkish,49A,Number of Cases,6,6-7 cases,"Kornfilt-1997[212-215, 281, 301-302, 311-313, 316-317]"
tur,Turkish,50A,Asymmetrical Case-Marking,2,Symmetrical,"Kornfilt-1997[212-215, 281, 301-302, 311-313, 316-317]"
tur,Turkish,51A,Position of Case Affixes,1,Case suffixes,"Lewis-1967[28];Underhill-1976[50, 67, 68, 79]"
tur,Turkish,52A,Comitatives and Instrumentals,1,Identity,
tur,Turkish,53A,Ordinal Numerals,5,"First/one-th, two-th, three-th",
tur,Turkish,54A,Distributive Numerals,4,Marked by suffix,Lewis-1967[83]
tur,Turkish,55A,Numeral Classifiers,2,Optional,Lewis-1967[80-81]
tur,Turkish,56A,Conjunctions and Universal Quantifiers,1,Formally different,Lewis-1967
tur,Turkish,57A,Position of Pronominal Possessive Affixes,2,Possessive suffixes,Lewis-1967[38]
tur,Turkish,58A,Obligatory Possessive Inflection,2,Absent,Lewis-1967
tur,Turkish,58B,Number of Possessive Nouns,1,None reported,Lewis-1967
tur,Turkish,59A,Possessive Classification,1,No possessive classification,Lewis-1967
tur,Turkish,60A,"Genitives, Adjectives and Relative Clauses",6,Highly differentiated,Lewis-1967
tur,Turkish,61A,Adjectives without Nouns,2,Without marking,Lewis-1967[53]
tur,Turkish,62A,Action Nominal Constructions,2,Possessive-Accusative,"Kornfilt-1997[212-213, 225]"
tur,Turkish,63A,Noun Phrase Conjunction,1,'And' different from 'with',Lewis-1967
tur,Turkish,64A,Nominal and Verbal Conjunction,1,Identity,Kornfilt-1997[113]
tur,Turkish,65A,Perfective/Imperfective Aspect,1,Grammatical marking,Dahl-1985[157]
tur,Turkish,66A,The Past Tense,1,"Present, no remoteness distinctions",Dahl-1985[157]
tur,Turkish,67A,The Future Tense,1,Inflectional future exists,Dahl-1985[157]
tur,Turkish,68A,The Perfect,4,No perfect,Dahl-1985[157]
tur,Turkish,69A,Position of Tense-Aspect Affixes,2,Tense-aspect suffixes,"Lewis-1967[108-128];Underhill-1976[112, 135, 145-146]"
tur,Turkish,70A,The Morphological Imperative,1,Second singular and second plural,Kornfilt-1997[40-42]
tur,Turkish,71A,The Prohibitive,1,Normal imperative + normal negative,van-Schaaik-1994[38];Kornfilt-1997[43];Nemeth-1962[66]
tur,Turkish,72A,Imperative-Hortative Systems,1,Maximal system,"Kornfilt-1997[40-44, 371-372]"
tur,Turkish,73A,The Optative,2,Inflectional optative absent,Kononov-1956;Lewis-1967
tur,Turkish,74A,Situational Possibility,1,Affixes on verbs,Kornfilt-1997[374f.]
tur,Turkish,75A,Epistemic Possibility,2,Affixes on verbs,Kornfilt-1997[376]
tur,Turkish,76A,Overlap between Situational and Epistemic Modal Marking,1,Overlap for both possibility and necessity,Kornfilt-1997[373-376]
tur,Turkish,77A,Semantic Distinctions of Evidentiality,3,Direct and indirect,Aksu-Koc-and-Slobin-1986
tur,Turkish,78A,Coding of Evidentiality,3,Part of the tense system,Aksu-Koc-and-Slobin-1986
tur,Turkish,79A,Suppletion According to Tense and Aspect,1,Tense,"Lewis-1967[99, 141]"
tur,Turkish,79B,Suppletion in Imperatives and Hortatives,5,None (= no suppletive imperatives reported in the reference material),
tur,Turkish,80A,Verbal Number and Suppletion,1,None,Lewis-1967
tur,Turkish,81A,"Order of Subject, Object and Verb",1,SOV,Erguvanli-1984[2];Lewis-1967[240]
tur,Turkish,82A,Order of Subject and Verb,1,SV,Underhill-1976[71]
tur,Turkish,83A,Order of Object and Verb,1,OV,Underhill-1976[71]
tur,Turkish,84A,"Order of Object, Oblique, and Verb",3,XOV,Lewis-1967[240]
tur,Turkish,85A,Order of Adposition and Noun Phrase,1,Postpositions,"Lewis-1967[85];Underhill-1976[157-160, 234-239]"
tur,Turkish,86A,Order of Genitive and Noun,1,Genitive-Noun,Underhill-1976[91];Lewis-1967[239]
tur,Turkish,87A,Order of Adjective and Noun,1,Adjective-Noun,Thomas-1967[18];Lewis-1967[239]
tur,Turkish,88A,Order of Demonstrative and Noun,1,Demonstrative-Noun,Lewis-1967[71];Underhill-1976[124]
tur,Turkish,89A,Order of Numeral and Noun,1,Numeral-Noun,Lewis-1967[26]
tur,Turkish,90A,Order of Relative Clause and Noun,2,Relative clause-Noun,Underhill-1976[276]
tur,Turkish,90B,Prenominal relative clauses,1,Relative clause-Noun (RelN) dominant,Underhill-1976[276]
tur,Turkish,91A,Order of Degree Word and Adjective,1,Degree word-Adjective,Lewis-1967[239];Underhill-1976[passim 224]
tur,Turkish,92A,Position of Polar Question Particles,2,Final,Underhill-1976[58]
tur,Turkish,93A,Position of Interrogative Phrases in Content Questions,2,Not initial interrogative phrase,Lewis-1967[passim];Underhill-1976[passim]
tur,Turkish,94A,Order of Adverbial Subordinator and Clause,5,Mixed,"Underhill-1976[381-382, 388, 435-436]"
tur,Turkish,95A,Relationship between the Order of Object and Verb and the Order of Adposition and Noun Phrase,1,OV and Postpositions,
tur,Turkish,96A,Relationship between the Order of Object and Verb and the Order of Relative Clause and Noun,1,OV and RelN,
tur,Turkish,97A,Relationship between the Order of Object and Verb and the Order of Adjective and Noun,1,OV and AdjN,
tur,Turkish,98A,Alignment of Case Marking of Full Noun Phrases,2,Nominative - accusative (standard),"Kornfilt-1997[219-220, 243]"
tur,Turkish,99A,Alignment of Case Marking of Pronouns,2,Nominative - accusative (standard),"Kornfilt-1997[219, 285, 385]"
tur,Turkish,100A,Alignment of Verbal Person Marking,2,Accusative,Lewis-1967[106-132]
tur,Turkish,101A,Expression of Pronominal Subjects,2,Subject affixes on verb,Lewis-1967[68];Kornfilt-1997[281]
tur,Turkish,102A,Verbal Person Marking,2,Only the A argument,Lewis-1967[106-132]
tur,Turkish,103A,Third Person Zero of Verbal Person Marking,4,Zero in all 3sg forms,Lewis-1967[106-132]
tur,Turkish,104A,Order of Person Markers on the Verb,1,A and P do not or do not both occur on the verb,Lewis-1967[106-132]
tur,Turkish,105A,Ditransitive Constructions: The Verb 'Give',1,Indirect-object construction,Kornfilt-1997[220]
tur,Turkish,106A,Reciprocal Constructions,2,Distinct from reflexive,"Kornfilt-1997[158-160, 305-306]"
tur,Turkish,107A,Passive Constructions,1,Present,"Lewis-1967[149-150, 323]"
tur,Turkish,108A,Antipassive Constructions,3,No antipassive,Kornfilt-1997
tur,Turkish,108B,Productivity of the Antipassive Construction,4,no antipassive,Kornfilt-1997
tur,Turkish,109A,Applicative Constructions,8,No applicative construction,Kornfilt-1997
tur,Turkish,109B,Other Roles of Applied Objects,5,No applicative construction,
tur,Turkish,110A,Periphrastic Causative Constructions,2,Purposive but no sequential,Kornfilt-1997[331-335]
tur,Turkish,111A,Nonperiphrastic Causative Constructions,2,Morphological but no compound,Kornfilt-1997[331-335]
tur,Turkish,112A,Negative Morphemes,1,Negative affix,Underhill-1976[57];Lewis-1967[110]
tur,Turkish,113A,Symmetric and Asymmetric Standard Negation,3,Both,van-Schaaik-1994[38-41]
tur,Turkish,114A,Subtypes of Asymmetric Standard Negation,3,A/Cat,van-Schaaik-1994[38-41]
tur,Turkish,115A,Negative Indefinite Pronouns and Predicate Negation,1,Predicate negation also present,Kornfilt-1997[125];Haspelmath-1997[287]
tur,Turkish,116A,Polar Questions,1,Question particle,Underhill-1976[58]
tur,Turkish,117A,Predicative Possession,2,Genitive,Lewis-1967
tur,Turkish,118A,Predicative Adjectives,2,Nonverbal encoding,Lewis-1967
tur,Turkish,119A,Nominal and Locational Predication,2,Identical,Lewis-1967
tur,Turkish,120A,Zero Copula for Predicate Nominals,1,Impossible,Lewis-1967
tur,Turkish,121A,Comparative Constructions,1,Locational,Lewis-1967
tur,Turkish,122A,Relativization on Subjects,4,Gap,Comrie-1998
tur,Turkish,123A,Relativization on Obliques,4,Gap,Comrie-1998
tur,Turkish,124A,'Want' Complement Subjects,1,Subject is left implicit,Kornfilt-1997[50]
tur,Turkish,125A,Purpose Clauses,3,Deranked,Underhill-1976[311]
tur,Turkish,126A,'When' Clauses,3,Deranked,"Underhill-1976[381, 399-401]"
tur,Turkish,127A,Reason Clauses,2,Balanced/deranked,"Underhill-1976[324-5, 435-6]"
tur,Turkish,128A,Utterance Complement Clauses,2,Balanced/deranked,"Underhill-1976[322-4, 433-6]"
tur,Turkish,143A,Order of Negative Morpheme and Verb,4,[V-Neg],Lewis-1967[110];Underhill-1976[57]
tur,Turkish,143E,Preverbal Negative Morphemes,4,None,Lewis-1967[110];Underhill-1976[57]
tur,Turkish,143F,Postverbal Negative Morphemes,2,[V-Neg],Lewis-1967[110];Underhill-1976[57]
tur,Turkish,143G,Minor morphological means of signaling negation,4,None,Lewis-1967[110];Underhill-1976[57]
tur,Turkish,144A,"Position of Negative Word With Respect to Subject, Object, and Verb",20,MorphNeg,Lewis-1967[110];Underhill-1976[57]
tur,Turkish,144L,The Position of Negative Morphemes in SOV Languages,6,SO[V-Neg],Lewis-1967[110];Underhill-1976[57]
tur,Turkish,144P,NegSOV Order,4,No NegSOV,Lewis-1967[110];Underhill-1976[57]
tur,Turkish,144Q,SNegOV Order,4,No SNegOV,Lewis-1967[110];Underhill-1976[57]
tur,Turkish,144R,SONegV Order,8,No SONegV,Lewis-1967[110];Underhill-1976[57]
tur,Turkish,144S,SOVNeg Order,2,Suffix&NoDoubleNeg,Lewis-1967[110];Underhill-1976[57]
vie,Vietnamese,20A,Fusion of Selected Inflectional Formatives,2,Exclusively isolating,Binh-1971;Bisang-1991;Bisang-1992;Nguyen-1997;Thompson-1965
vie,Vietnamese,21A,Exponence of Selected Inflectional Formatives,5,No case,Binh-1971;Bisang-1991;Bisang-1992;Nguyen-1997;Thompson-1965
vie,Vietnamese,21B,Exponence of Tense-Aspect-Mood Inflection,1,monoexponential TAM,Binh-1971;Bisang-1991;Thompson-1965;Nguyen-1997;Bisang-1992
vie,Vietnamese,22A,Inflectional Synthesis of the Verb,1,0-1 category per word,Thompson-1965
vie,Vietnamese,23A,Locus of Marking in the Clause,4,No marking,Thompson-1965
vie,Vietnamese,24A,Locus of Marking in Possessive Noun Phrases,4,No marking,Thompson-1965
vie,Vietnamese,25A,Locus of Marking: Whole-language Typology,4,Zero-marking,Thompson-1965
vie,Vietnamese,25B,Zero Marking of A and P Arguments,1,Zero-marking,Thompson-1965
vie,Vietnamese,26A,Prefixing vs. Suffixing in Inflectional Morphology,1,Little affixation,Binh-1971[passim];Nguyen-1974b[passim];Huffman-and-Hai-1980[passim];Nguyen-1975[passim];Thompson-1965[passim];Vuong-Gia-Thuy-1975[passim]
vie,Vietnamese,27A,Reduplication,1,Productive full and partial reduplication,Nguyen-2001
vie,Vietnamese,28A,Case Syncretism,1,No case marking,Solncev-et-al-1960
vie,Vietnamese,29A,Syncretism in Verbal Person/Number Marking,1,No subject person/number marking,Solncev-et-al-1960
vie,Vietnamese,30A,Number of Genders,1,None,Thompson-1965
vie,Vietnamese,31A,Sex-based and Non-sex-based Gender Systems,1,No gender,Thompson-1965
vie,Vietnamese,32A,Systems of Gender Assignment,1,No gender,Thompson-1965
vie,Vietnamese,33A,Coding of Nominal Plurality,7,Plural word,"Binh-1971[113, 112-115];Thompson-1965[264, passim]"
vie,Vietnamese,34A,Occurrence of Nominal Plurality,4,"All nouns, always optional",Nguyen-1997[140-1]
vie,Vietnamese,35A,Plurality in Independent Personal Pronouns,7,Person stem + pronominal plural affix,Emeneau-1951[131-135]
vie,Vietnamese,36A,The Associative Plural,4,No associative plural,
vie,Vietnamese,37A,Definite Articles,1,Definite word distinct from demonstrative,Binh-1971[117]
vie,Vietnamese,39A,Inclusive/Exclusive Distinction in Independent Pronouns,2,'We' the same as 'I',Thompson-1987[248-249]
vie,Vietnamese,40A,Inclusive/Exclusive Distinction in Verbal Inflection,1,No person marking,Thompson-1987[passim]
vie,Vietnamese,41A,Distance Contrasts in Demonstratives,2,Two-way contrast,Thompson-1965[142]
vie,Vietnamese,43A,Third Person Pronouns and Demonstratives,3,Related to remote demonstratives,"Thompson-1991[142, 248]"
vie,Vietnamese,44A,Gender Distinctions in Independent Personal Pronouns,6,No gender distinctions,Thompson-1965[248]
vie,Vietnamese,45A,Politeness Distinctions in Pronouns,4,Pronouns avoided for politeness,"Thompson-1965[252, 299]"
vie,Vietnamese,46A,Indefinite Pronouns,1,Interrogative-based,Nguyen-1997
vie,Vietnamese,47A,Intensifiers and Reflexive Pronouns,1,Identical,Nguyen-1997[137]
vie,Vietnamese,48A,Person Marking on Adpositions,2,No person marking,Thompson-1965[200]
vie,Vietnamese,49A,Number of Cases,1,No morphological case-marking,Nguyen-1997[passim]
vie,Vietnamese,50A,Asymmetrical Case-Marking,1,No case-marking,Nguyen-1997[passim]
vie,Vietnamese,51A,Position of Case Affixes,9,No case affixes or adpositional clitics,Binh-1971[passim]
vie,Vietnamese,53A,Ordinal Numerals,8,Various,Hoang-1982[50]
vie,Vietnamese,54A,Distributive Numerals,1,No distributive numerals,Thompson-1965
vie,Vietnamese,55A,Numeral Classifiers,3,Obligatory,Thompson-1965
vie,Vietnamese,56A,Conjunctions and Universal Quantifiers,3,"Formally similar, with interrogative",Thompson-1965[313]
vie,Vietnamese,57A,Position of Pronominal Possessive Affixes,4,No possessive affixes,Binh-1971[passim]
vie,Vietnamese,58A,Obligatory Possessive Inflection,2,Absent,Thompson-1965
vie,Vietnamese,58B,Number of Possessive Nouns,1,None reported,Thompson-1965
vie,Vietnamese,59A,Possessive Classification,1,No possessive classification,Thompson-1965
vie,Vietnamese,60A,"Genitives, Adjectives and Relative Clauses",4,Adjectives and relative clauses collapsed,
vie,Vietnamese,61A,Adjectives without Nouns,5,Marked by preceding word,
vie,Vietnamese,62A,Action Nominal Constructions,2,Possessive-Accusative,
vie,Vietnamese,63A,Noun Phrase Conjunction,1,'And' different from 'with',Van-Chinh-1970
vie,Vietnamese,64A,Nominal and Verbal Conjunction,1,Identity,"Nguyen-1997[163, 205-6, 237, 245]"
vie,Vietnamese,65A,Perfective/Imperfective Aspect,2,No grammatical marking,Nguyen-1997;Thompson-1965
vie,Vietnamese,66A,The Past Tense,4,No past tense,Nguyen-1997;Thompson-1965
vie,Vietnamese,67A,The Future Tense,2,No inflectional future,Nguyen-1997;Thompson-1965
vie,Vietnamese,68A,The Perfect,3,Other perfect,Nguyen-1997;Thompson-1965
vie,Vietnamese,69A,Position of Tense-Aspect Affixes,5,No tense-aspect inflection,Binh-1971[passim]
vie,Vietnamese,70A,The Morphological Imperative,5,No second-person imperatives,Thompson-1965[220];Bystrov-and-Stankevich-2001[462];Nguyen-1974b[passim]
vie,Vietnamese,71A,The Prohibitive,2,Normal imperative + special negative,"Nguyen-1974b[108, 149-153, 232-237, 242];Thompson-1965[221];Bystrov-and-Stankevich-2001[469]"
vie,Vietnamese,72A,Imperative-Hortative Systems,4,Neither type of system,Thompson-1965[220-221];Nguyen-1974b[242]
vie,Vietnamese,73A,The Optative,2,Inflectional optative absent,Thompson-1965
vie,Vietnamese,74A,Situational Possibility,2,Verbal constructions,Emeneau-1951[71];Vu-1998[88]
vie,Vietnamese,75A,Epistemic Possibility,1,Verbal constructions,Vu-1998[88f.]
vie,Vietnamese,76A,Overlap between Situational and Epistemic Modal Marking,2,Overlap for either possibility or necessity,Vu-1998[88f.]
vie,Vietnamese,77A,Semantic Distinctions of Evidentiality,1,No grammatical evidentials,Nguyen-1997
vie,Vietnamese,78A,Coding of Evidentiality,1,No grammatical evidentials,Nguyen-1997
vie,Vietnamese,79A,Suppletion According to Tense and Aspect,4,None,Thompson-1965
vie,Vietnamese,79B,Suppletion in Imperatives and Hortatives,5,None (= no suppletive imperatives reported in the reference material),
vie,Vietnamese,80A,Verbal Number and Suppletion,1,None,Thompson-1965
vie,Vietnamese,81A,"Order of Subject, Object and Verb",2,SVO,"Nguyen-1975[4, 13];Binh-1971[70];Vuong-Gia-Thuy-1975[121]"
vie,Vietnamese,82A,Order of Subject and Verb,1,SV,"Nguyen-1975[4, 13];Binh-1971[70];Vuong-Gia-Thuy-1975[121]"
vie,Vietnamese,83A,Order of Object and Verb,2,VO,"Nguyen-1975[4, 13];Binh-1971[70];Vuong-Gia-Thuy-1975[121]"
vie,Vietnamese,84A,"Order of Object, Oblique, and Verb",1,VOX,Nguyen-1975[13];Binh-1971[156]
vie,Vietnamese,85A,Order of Adposition and Noun Phrase,2,Prepositions,Binh-1971[passim];Nguyen-1975[passim];Thompson-1965[passim];Vuong-Gia-Thuy-1975[passim]
vie,Vietnamese,86A,Order of Genitive and Noun,2,Noun-Genitive,Vuong-Gia-Thuy-1975[106];Binh-1971[130ff];Thompson-1965[passim]
vie,Vietnamese,87A,Order of Adjective and Noun,2,Noun-Adjective,"Nguyen-1974b[59];Vuong-Gia-Thuy-1975[102];Binh-1971[112, 125ff];Thompson-1965[125, passim]"
vie,Vietnamese,88A,Order of Demonstrative and Noun,2,Noun-Demonstrative,Nguyen-1974b[92];Vuong-Gia-Thuy-1975[99];Thompson-1965[191-192];Binh-1971[passim]
vie,Vietnamese,89A,Order of Numeral and Noun,1,Numeral-Noun,"Vuong-Gia-Thuy-1975[100];Binh-1971[113];Thompson-1965[181, passim]"
vie,Vietnamese,90A,Order of Relative Clause and Noun,1,Noun-Relative clause,"Vuong-Gia-Thuy-1975[120];Binh-1971[130];Thompson-1965[191, passim]"
vie,Vietnamese,90C,Postnominal relative clauses,1,Noun-Relative clause (NRel) dominant,"Binh-1971[130];Vuong-Gia-Thuy-1975[120];Thompson-1965[191, passim]"
vie,Vietnamese,92A,Position of Polar Question Particles,2,Final,"Nguyen-1975[57];Binh-1971[204];Thompson-1965[234-235, 307]"
vie,Vietnamese,93A,Position of Interrogative Phrases in Content Questions,2,Not initial interrogative phrase,"Binh-1971[108, 154, 193];Thompson-1965[308];Nguyen-1975[passim]"
vie,Vietnamese,94A,Order of Adverbial Subordinator and Clause,1,Initial subordinator word,"Nguyen-1975[63-64, 76];Binh-1971[98];Thompson-1965[263];Vuong-Gia-Thuy-1975[passim]"
vie,Vietnamese,95A,Relationship between the Order of Object and Verb and the Order of Adposition and Noun Phrase,4,VO and Prepositions,
vie,Vietnamese,96A,Relationship between the Order of Object and Verb and the Order of Relative Clause and Noun,4,VO and NRel,
vie,Vietnamese,97A,Relationship between the Order of Object and Verb and the Order of Adjective and Noun,4,VO and NAdj,
vie,Vietnamese,98A,Alignment of Case Marking of Full Noun Phrases,1,Neutral,"Thompson-1991[144, 268]"
vie,Vietnamese,99A,Alignment of Case Marking of Pronouns,1,Neutral,"Thompson-1991[152, 280]"
vie,Vietnamese,100A,Alignment of Verbal Person Marking,1,Neutral,Thompson-1965[217-220]
vie,Vietnamese,101A,Expression of Pronominal Subjects,5,Optional pronouns in subject position,Thompson-1965[248]
vie,Vietnamese,102A,Verbal Person Marking,1,No person marking,Thompson-1965[217-20]
vie,Vietnamese,103A,Third Person Zero of Verbal Person Marking,1,No person marking,Thompson-1965[217-220]
vie,Vietnamese,104A,Order of Person Markers on the Verb,1,A and P do not or do not both occur on the verb,Thompson-1965[217-220]
vie,Vietnamese,105A,Ditransitive Constructions: The Verb 'Give',2,Double-object construction,"Nguyen-1997[115, 169]"
vie,Vietnamese,106A,Reciprocal Constructions,2,Distinct from reflexive,Bystrov-and-Stankevich-2007
vie,Vietnamese,107A,Passive Constructions,1,Present,Thompson-1965[228-9]
vie,Vietnamese,108A,Antipassive Constructions,3,No antipassive,Thompson-1965
vie,Vietnamese,108B,Productivity of the Antipassive Construction,4,no antipassive,Thompson-1965
vie,Vietnamese,109A,Applicative Constructions,8,No applicative construction,Thompson-1965
vie,Vietnamese,109B,Other Roles of Applied Objects,5,No applicative construction,
vie,Vietnamese,110A,Periphrastic Causative Constructions,3,Both,"Nguyen-1974b[221];Thompson-1965[225, 232]"
vie,Vietnamese,111A,Nonperiphrastic Causative Constructions,3,Compound but no morphological,"Nguyen-1974b[221];Thompson-1965[225, 232]"
vie,Vietnamese,112A,Negative Morphemes,4,"Negative word, unclear if verb or particle",Vuong-Gia-Thuy-1975[110?]
vie,Vietnamese,113A,Symmetric and Asymmetric Standard Negation,1,Symmetric,"Thompson-1965[210, 314-315]"
vie,Vietnamese,114A,Subtypes of Asymmetric Standard Negation,7,Non-assignable,"Thompson-1965[210, 314-315]"
vie,Vietnamese,115A,Negative Indefinite Pronouns and Predicate Negation,1,Predicate negation also present,"Nguyen-1997[135, 149, 151, 234]"
vie,Vietnamese,116A,Polar Questions,1,Question particle,"Nguyen-1975[57];Binh-1971[204];Thompson-1965[234-235, 307]"
vie,Vietnamese,117A,Predicative Possession,3,Topic,Thompson-1965
vie,Vietnamese,118A,Predicative Adjectives,1,Verbal encoding,Van-Chinh-1970
vie,Vietnamese,119A,Nominal and Locational Predication,1,Different,Van-Chinh-1970
vie,Vietnamese,120A,Zero Copula for Predicate Nominals,2,Possible,Van-Chinh-1970
vie,Vietnamese,121A,Comparative Constructions,2,Exceed,Jones-and-Thong-1960
vie,Vietnamese,122A,Relativization on Subjects,4,Gap,Thompson-1987
vie,Vietnamese,124A,'Want' Complement Subjects,1,Subject is left implicit,Nguyen-1997[385]
vie,Vietnamese,125A,Purpose Clauses,1,Balanced,"Hung-1979[89, 92-3]"
vie,Vietnamese,126A,'When' Clauses,1,Balanced,Hung-1979[82-3]
vie,Vietnamese,127A,Reason Clauses,1,Balanced,Hung-1979[117]
vie,Vietnamese,128A,Utterance Complement Clauses,1,Balanced,"Hung-1979[89, 106]"
vie,Vietnamese,143A,Order of Negative Morpheme and Verb,1,NegV,"Binh-1971[70, 150, 164];Vuong-Gia-Thuy-1975[110];Thompson-1965[314, 208-211]"
vie,Vietnamese,143E,Preverbal Negative Morphemes,1,NegV,"Binh-1971[70, 150, 164];Vuong-Gia-Thuy-1975[110];Thompson-1965[314, 208-211]"
vie,Vietnamese,143F,Postverbal Negative Morphemes,4,None,"Binh-1971[70, 150, 164];Vuong-Gia-Thuy-1975[110];Thompson-1965[314, 208-211]"
vie,Vietnamese,143G,Minor morphological means of signaling negation,4,None,"Binh-1971[70, 150, 164];Vuong-Gia-Thuy-1975[110];Thompson-1965[314, 208-211]"
vie,Vietnamese,144A,"Position of Negative Word With Respect to Subject, Object, and Verb",2,SNegVO,Vuong-Gia-Thuy-1975[110?]
vie,Vietnamese,144B,Position of negative words relative to beginning and end of clause and with respect to adjacency to verb,3,Immed preverbal,Vuong-Gia-Thuy-1975[110?]
vie,Vietnamese,144D,The Position of Negative Morphemes in SVO Languages,2,SNegVO,Vuong-Gia-Thuy-1975[110?]
vie,Vietnamese,144H,NegSVO Order,4,No NegSVO,Vuong-Gia-Thuy-1975[110?]
vie,Vietnamese,144I,SNegVO Order,1,Word&NoDoubleNeg,Vuong-Gia-Thuy-1975[110?]
vie,Vietnamese,144J,SVNegO Order,7,No SVNegO,Vuong-Gia-Thuy-1975[110?]
vie,Vietnamese,144K,SVONeg Order,4,No SVONeg,Vuong-Gia-Thuy-1975[110?]
kgz,Kirghiz,26A,Prefixing vs. Suffixing in Inflectional Morphology,2,Strongly suffixing,Hebert-and-Poppe-1963[passim]
kgz,Kirghiz,30A,Number of Genders,1,None,Hebert-and-Poppe-1963[9]
kgz,Kirghiz,31A,Sex-based and Non-sex-based Gender Systems,1,No gender,Hebert-and-Poppe-1963[9]
kgz,Kirghiz,32A,Systems of Gender Assignment,1,No gender,Hebert-and-Poppe-1963[9]
kgz,Kirghiz,33A,Coding of Nominal Plurality,2,Plural suffix,Hebert-and-Poppe-1963[18]
kgz,Kirghiz,38A,Indefinite Articles,2,Indefinite word same as 'one',Hebert-and-Poppe-1963[27]
kgz,Kirghiz,46A,Indefinite Pronouns,1,Interrogative-based,Junusaliev-1966[494]
kgz,Kirghiz,51A,Position of Case Affixes,1,Case suffixes,Hebert-and-Poppe-1963[10]
kgz,Kirghiz,53A,Ordinal Numerals,4,"One-th, two-th, three-th",Herbert-and-Poppe-1963[29-30]
kgz,Kirghiz,54A,Distributive Numerals,4,Marked by suffix,Junusaliev-1966[492]
kgz,Kirghiz,57A,Position of Pronominal Possessive Affixes,2,Possessive suffixes,Hebert-and-Poppe-1963[16]
kgz,Kirghiz,69A,Position of Tense-Aspect Affixes,2,Tense-aspect suffixes,"Hebert-and-Poppe-1963[14, 17, 18, 21, 22]"
kgz,Kirghiz,85A,Order of Adposition and Noun Phrase,1,Postpositions,Hebert-and-Poppe-1963[39]
kgz,Kirghiz,87A,Order of Adjective and Noun,1,Adjective-Noun,Hebert-and-Poppe-1963[27]
kgz,Kirghiz,89A,Order of Numeral and Noun,1,Numeral-Noun,Hebert-and-Poppe-1963[27]
kgz,Kirghiz,92A,Position of Polar Question Particles,2,Final,"Hebert-and-Poppe-1963[14, passim]"
kgz,Kirghiz,101A,Expression of Pronominal Subjects,2,Subject affixes on verb,Hebert-and-Poppe-1963[15]
kgz,Kirghiz,106A,Reciprocal Constructions,2,Distinct from reflexive,Nedjalkov-2007b
kgz,Kirghiz,108A,Antipassive Constructions,3,No antipassive,Hebert-and-Poppe-1963;Kirchner-1998b
kgz,Kirghiz,108B,Productivity of the Antipassive Construction,4,no antipassive,Kirchner-1998b;Hebert-and-Poppe-1963
kgz,Kirghiz,109A,Applicative Constructions,8,No applicative construction,Hebert-and-Poppe-1963;Kirchner-1998b
kgz,Kirghiz,109B,Other Roles of Applied Objects,5,No applicative construction,
kgz,Kirghiz,116A,Polar Questions,1,Question particle,"Hebert-and-Poppe-1963[14, passim]"
